album_id,sgf_sha256,rules,komi,event_rules,verified,verification_status,proof_class,legacy_rule_error_previously_identified,legacy_rule_error_confirmed,raw_sgf_rules,raw_sgf_komi,database_rules,database_komi,scope_description,corrections,reference_urls,reference_evidence,source_binding,engine_rule_alias,resolver_validation,verified_at
12087,5278a1a51f51233241b6718718b013a7ec6cb1f1fb269759f9ff69a1f7e584f1,chinese,7.5,chinese,True,reviewed_evidence_bound_to_exact_sgf,explicit_event_rule_and_official_game_identity,False,False,,7.5,,7.5,2届衢州烂柯杯世界公开赛48强；2024-04-24，黑酒井佑规，白张涛。绑定原始SGF SHA256 5278a1a51f51233241b6718718b013a7ec6cb1f1fb269759f9ff69a1f7e584f1；home/prod原始SGF与赛事、日期、棋手一致。证明范围/局限见reference_evidence、proof_class、source_binding。,{},"[""https://u-gen.nihonkiin.or.jp/topics/view.asp?tp_id=23420""]","[{""url"": ""https://u-gen.nihonkiin.or.jp/topics/view.asp?tp_id=23420"", ""proof_scope"": ""第2届衢州烂柯杯直接声明中国规则、贴7目半，并列4月24日酒井佑规黑对张涛、白中盘胜。"", ""limit"": ""核定12087规则/贴目，不证明库内11手截断棋谱是完整比赛。""}]","{""method"": ""Exact UTF-8 SGF bytes and event/date/PB/PW compared between user-supplied home and production inventories; raw SGF identity fields also compared"", ""inventory_files"": {""home"": ""/tmp/report-rerun-home-inventory.json"", ""production"": ""/tmp/report-rerun-prod-inventory.json""}, ""inventory_sha256"": {""home"": ""268ebc8c9851dd74916bae4d64d30ff4c13a3bbbf7d842b50ef3c03c37b372b7"", ""production"": ""ac72850b6570f8e9b0d7e92d98b04d0e4941ce37e9c5e7ce2d67eeaa47a2bd65""}, ""checked_at"": ""2026-10-06T18:08:44.716508+00:00"", ""home_prod_identity_match"": true, ""sgf_identity_match"": true, ""official_game_identity_match"": true, ""identity_limit"": ""Official event result identifies players/date; no claim of full move-by-move comparison with an organizer SGF.""}",null,"{""revision"": ""23710048f2ef97b4a0d0088750f9980b53cef216"", ""result"": ""accepted"", ""checked_at"": ""2026-10-06T18:08:44.716508+00:00""}",2026-10-06T18:08:44.716508+00:00
24108,c76c15ca62456f6093864da0c5c88648d3155d917b46fb7b386ad54cf9df7936,japanese,6.5,korean,True,reviewed_evidence_bound_to_exact_sgf,official_game_and_explicit_season_regulation,False,False,japanese,6.5,japanese,6.5,2025-2026年度韩国围甲联赛第12轮；2026-01-23，黑金昇珍，白姜儒泽。绑定原始SGF SHA256 c76c15ca62456f6093864da0c5c88648d3155d917b46fb7b386ad54cf9df7936；home/prod原始SGF与赛事、日期、棋手一致。证明范围/局限见reference_evidence、proof_class、source_binding。,{},"[""https://www.baduk.or.kr/news/summary_view.asp?news_div=KBL&news_no=848"", ""https://m.baduk.or.kr/news/B01_view.asp?news_no=5769"", ""https://www.baduk.or.kr/FileUpDown/homepage/notice/%EB%B0%94%EB%91%91%20%EA%B2%BD%EA%B8%B0%20%EA%B7%9C%EC%A0%95(250701).pdf""]","[{""url"": ""https://www.baduk.or.kr/news/summary_view.asp?news_div=KBL&news_no=848"", ""proof_scope"": ""2026-01-23第12轮第2场金昇珍黑对姜儒泽，250手白中盘胜。"", ""limit"": ""对应24108；规则/贴目来自同赛季适用规程。""}, {""url"": ""https://m.baduk.or.kr/news/B01_view.asp?news_no=5769"", ""proof_scope"": ""韩国棋院2025–2026 KB联赛官方规则说明明确引用2025年7月1日修订规程。"", ""limit"": ""发布于2026-04-01，对应同一赛季；1月对局身份另用第12轮赛果核对。""}, {""url"": ""https://www.baduk.or.kr/FileUpDown/homepage/notice/%EB%B0%94%EB%91%91%20%EA%B2%BD%EA%B8%B0%20%EA%B7%9C%EC%A0%95(250701).pdf"", ""proof_scope"": ""2025-07-01生效韩国棋院竞赛规程：第9条第3款黑贴6目半；附则第2条适用韩国围棋规则。"", ""limit"": ""专门赛事规则优先；2026-07-01延迟生效只涉及第17条第8项。必须另核赛事适用性。""}]","{""method"": ""Exact UTF-8 SGF bytes and event/date/PB/PW compared between user-supplied home and production inventories; raw SGF identity fields also compared"", ""inventory_files"": {""home"": ""/tmp/report-rerun-home-inventory.json"", ""production"": ""/tmp/report-rerun-prod-inventory.json""}, ""inventory_sha256"": {""home"": ""268ebc8c9851dd74916bae4d64d30ff4c13a3bbbf7d842b50ef3c03c37b372b7"", ""production"": ""ac72850b6570f8e9b0d7e92d98b04d0e4941ce37e9c5e7ce2d67eeaa47a2bd65""}, ""checked_at"": ""2026-10-06T18:08:44.716508+00:00"", ""home_prod_identity_match"": true, ""sgf_identity_match"": true, ""official_game_identity_match"": true, ""identity_limit"": ""Official event result identifies players/date; no claim of full move-by-move comparison with an organizer SGF.""}","{""preserved_sgf_name"": ""japanese"", ""event_rules_name"": ""korean"", ""same_effective_preset"": true, ""engine_commit"": ""fd0723fdbc"", ""reference_url"": ""https://github.com/lightvector/KataGo/blob/fd0723fdbc/cpp/game/rules.cpp"", ""reason"": ""The actual pinned engine handles japanese and korean in the same preset branch. Preserve the explicit SGF preset; record Korean event semantics separately. This is not an analysis-parameter error and does not imply changed numerical results.""}","{""revision"": ""23710048f2ef97b4a0d0088750f9980b53cef216"", ""result"": ""accepted"", ""checked_at"": ""2026-10-06T18:08:44.716508+00:00""}",2026-10-06T18:08:44.716508+00:00
24109,965dfb2075cdd61d666d3f0f341816bf78d9aa0e5de5f600dfc5942ba916e9e5,chinese,7.5,chinese,True,reviewed_evidence_bound_to_exact_sgf,explicit_event_rule_sgf_komi_event_identity,False,False,chinese,7.5,chinese,7.5,第27届三国赤壁古战场杯中国围棋甲级联赛第14轮；2026-01-23，黑陈正勋，白王硕（小）。绑定原始SGF SHA256 965dfb2075cdd61d666d3f0f341816bf78d9aa0e5de5f600dfc5942ba916e9e5；home/prod原始SGF与赛事、日期、棋手一致。证明范围/局限见reference_evidence、proof_class、source_binding。,{},"[""https://m.bjnews.com.cn/detail/174583306119104.html""]","[{""url"": ""https://m.bjnews.com.cn/detail/174583306119104.html"", ""proof_scope"": ""中国围棋协会2025围甲规程第七条第1项：采用2002中国围棋竞赛规则。"", ""limit"": ""这34局赛事归属依据原始棋谱/数据库身份，未逐局取得主办方原谱；每局7.5为显式KM，不由KM推断规则。""}]","{""method"": ""Exact UTF-8 SGF bytes and event/date/PB/PW compared between user-supplied home and production inventories; raw SGF identity fields also compared"", ""inventory_files"": {""home"": ""/tmp/report-rerun-home-inventory.json"", ""production"": ""/tmp/report-rerun-prod-inventory.json""}, ""inventory_sha256"": {""home"": ""268ebc8c9851dd74916bae4d64d30ff4c13a3bbbf7d842b50ef3c03c37b372b7"", ""production"": ""ac72850b6570f8e9b0d7e92d98b04d0e4941ce37e9c5e7ce2d67eeaa47a2bd65""}, ""checked_at"": ""2026-10-06T18:08:44.716508+00:00"", ""home_prod_identity_match"": true, ""sgf_identity_match"": true, ""official_game_identity_match"": false, ""identity_limit"": ""For the 34 Chinese-league records, edition/round/date and SGF/inventory identities are matched; no claim of 34 separately obtained organizer original SGFs or per-move official comparison.""}",null,"{""revision"": ""23710048f2ef97b4a0d0088750f9980b53cef216"", ""result"": ""accepted"", ""checked_at"": ""2026-10-06T18:08:44.716508+00:00""}",2026-10-06T18:08:44.716508+00:00
24111,d43ebae7ae47d86c3ff18cb25b96fbc4287fe31dd27c1e4eaa638dae55965951,japanese,6.5,japanese,True,reviewed_evidence_bound_to_exact_sgf,explicit_event_rule_and_official_game_identity,True,True,chinese,6.5,chinese,6.5,第26届台湾天元赛初赛第2轮；2026-01-23，黑李嘉馨，白周可平。绑定原始SGF SHA256 d43ebae7ae47d86c3ff18cb25b96fbc4287fe31dd27c1e4eaa638dae55965951；home/prod原始SGF与赛事、日期、棋手一致。证明范围/局限见reference_evidence、proof_class、source_binding。,"{""RU"": {""original_value"": ""chinese"", ""verified_value"": ""japanese"", ""reason"": ""第26届中环天元赛主办方简章第6(5)项明确日本比目法、黑先贴6.5；官方初赛赛果匹配本局棋手、黑白及1月23日延期日期。因此纠正原SGF Chinese声明；不是因为Chinese/6.5普遍非法。""}}","[""https://haifong.org/news/content/22EF19BA83B481381AF2AD202F19366E"", ""https://www.haifong.org/news/content/58AE566E6ED7F6175431B3A8BAB17BA0""]","[{""url"": ""https://haifong.org/news/content/22EF19BA83B481381AF2AD202F19366E"", ""proof_scope"": ""第26届中环天元赛主办方简章第6(5)项明确日本比目法、黑先贴6.5。"", ""limit"": ""直接赛事规则证据，用于纠正24111/24112的显式chinese，不推广其他赛事。""}, {""url"": ""https://www.haifong.org/news/content/58AE566E6ED7F6175431B3A8BAB17BA0"", ""proof_scope"": ""初赛第2回李嘉馨黑0.5胜周可平，陈威廷白中盘胜林怡廷，两局均注明延期于1月23日进行。"", ""limit"": ""证明24111/24112的赛事、对阵、黑白与日期，规则由简章提供。""}]","{""method"": ""Exact UTF-8 SGF bytes and event/date/PB/PW compared between user-supplied home and production inventories; raw SGF identity fields also compared"", ""inventory_files"": {""home"": ""/tmp/report-rerun-home-inventory.json"", ""production"": ""/tmp/report-rerun-prod-inventory.json""}, ""inventory_sha256"": {""home"": ""268ebc8c9851dd74916bae4d64d30ff4c13a3bbbf7d842b50ef3c03c37b372b7"", ""production"": ""ac72850b6570f8e9b0d7e92d98b04d0e4941ce37e9c5e7ce2d67eeaa47a2bd65""}, ""checked_at"": ""2026-10-06T18:08:44.716508+00:00"", ""home_prod_identity_match"": true, ""sgf_identity_match"": true, ""official_game_identity_match"": true, ""identity_limit"": ""Official event result identifies players/date; no claim of full move-by-move comparison with an organizer SGF.""}",null,"{""revision"": ""23710048f2ef97b4a0d0088750f9980b53cef216"", ""result"": ""accepted"", ""checked_at"": ""2026-10-06T18:08:44.716508+00:00""}",2026-10-06T18:08:44.716508+00:00
24112,3bbc4d45a6b22933ff21610a1053ad506fd324d26c7f58858d3b3bd81bc61e24,japanese,6.5,japanese,True,reviewed_evidence_bound_to_exact_sgf,explicit_event_rule_and_official_game_identity,True,True,chinese,6.5,chinese,6.5,第26届台湾天元赛初赛第2轮；2026-01-23，黑林怡廷，白陈威廷。绑定原始SGF SHA256 3bbc4d45a6b22933ff21610a1053ad506fd324d26c7f58858d3b3bd81bc61e24；home/prod原始SGF与赛事、日期、棋手一致。证明范围/局限见reference_evidence、proof_class、source_binding。,"{""RU"": {""original_value"": ""chinese"", ""verified_value"": ""japanese"", ""reason"": ""第26届中环天元赛主办方简章第6(5)项明确日本比目法、黑先贴6.5；官方初赛赛果匹配本局棋手、黑白及1月23日延期日期。因此纠正原SGF Chinese声明；不是因为Chinese/6.5普遍非法。""}}","[""https://haifong.org/news/content/22EF19BA83B481381AF2AD202F19366E"", ""https://www.haifong.org/news/content/58AE566E6ED7F6175431B3A8BAB17BA0""]","[{""url"": ""https://haifong.org/news/content/22EF19BA83B481381AF2AD202F19366E"", ""proof_scope"": ""第26届中环天元赛主办方简章第6(5)项明确日本比目法、黑先贴6.5。"", ""limit"": ""直接赛事规则证据，用于纠正24111/24112的显式chinese，不推广其他赛事。""}, {""url"": ""https://www.haifong.org/news/content/58AE566E6ED7F6175431B3A8BAB17BA0"", ""proof_scope"": ""初赛第2回李嘉馨黑0.5胜周可平，陈威廷白中盘胜林怡廷，两局均注明延期于1月23日进行。"", ""limit"": ""证明24111/24112的赛事、对阵、黑白与日期，规则由简章提供。""}]","{""method"": ""Exact UTF-8 SGF bytes and event/date/PB/PW compared between user-supplied home and production inventories; raw SGF identity fields also compared"", ""inventory_files"": {""home"": ""/tmp/report-rerun-home-inventory.json"", ""production"": ""/tmp/report-rerun-prod-inventory.json""}, ""inventory_sha256"": {""home"": ""268ebc8c9851dd74916bae4d64d30ff4c13a3bbbf7d842b50ef3c03c37b372b7"", ""production"": ""ac72850b6570f8e9b0d7e92d98b04d0e4941ce37e9c5e7ce2d67eeaa47a2bd65""}, ""checked_at"": ""2026-10-06T18:08:44.716508+00:00"", ""home_prod_identity_match"": true, ""sgf_identity_match"": true, ""official_game_identity_match"": true, ""identity_limit"": ""Official event result identifies players/date; no claim of full move-by-move comparison with an organizer SGF.""}",null,"{""revision"": ""23710048f2ef97b4a0d0088750f9980b53cef216"", ""result"": ""accepted"", ""checked_at"": ""2026-10-06T18:08:44.716508+00:00""}",2026-10-06T18:08:44.716508+00:00
24115,7e9239bc10846cf14acd30aab74ee3dc55c6c1b53df39c5aa5c5d6219fa74341,japanese,6.5,japanese,True,reviewed_evidence_bound_to_exact_sgf,official_game_and_governing_rule_cross_reference,False,False,japanese,6.5,japanese,6.5,第50期日本棋圣战挑战赛7番棋第1局；2026-01-24，黑芝野虎丸，白一力辽。绑定原始SGF SHA256 7e9239bc10846cf14acd30aab74ee3dc55c6c1b53df39c5aa5c5d6219fa74341；home/prod原始SGF与赛事、日期、棋手一致。证明范围/局限见reference_evidence、proof_class、source_binding。,{},"[""https://www.nihonkiin.or.jp/match/kisei/050.html"", ""https://www.nihonkiin.or.jp/match/kiyaku/zenbun.htm""]","[{""url"": ""https://www.nihonkiin.or.jp/match/kisei/050.html"", ""proof_scope"": ""第50期棋圣战贴6目半；首局芝野黑对一力白，白中盘胜，日本时间1月23–24日。"", ""limit"": ""仅第50期；夏威夷当地1月22–23日。规则与正式日本规则交叉核定。""}, {""url"": ""https://www.nihonkiin.or.jp/match/kiyaku/zenbun.htm"", ""proof_scope"": ""日本棋院、关西棋院正式日本围棋规则。"", ""limit"": ""结合具体官方棋战身份适用；棋战页不逐字重述整部规则，不能凭国籍/贴目套用。""}]","{""method"": ""Exact UTF-8 SGF bytes and event/date/PB/PW compared between user-supplied home and production inventories; raw SGF identity fields also compared"", ""inventory_files"": {""home"": ""/tmp/report-rerun-home-inventory.json"", ""production"": ""/tmp/report-rerun-prod-inventory.json""}, ""inventory_sha256"": {""home"": ""268ebc8c9851dd74916bae4d64d30ff4c13a3bbbf7d842b50ef3c03c37b372b7"", ""production"": ""ac72850b6570f8e9b0d7e92d98b04d0e4941ce37e9c5e7ce2d67eeaa47a2bd65""}, ""checked_at"": ""2026-10-06T18:08:44.716508+00:00"", ""home_prod_identity_match"": true, ""sgf_identity_match"": true, ""official_game_identity_match"": true, ""identity_limit"": ""Official event result identifies players/date; no claim of full move-by-move comparison with an organizer SGF.""}",null,"{""revision"": ""23710048f2ef97b4a0d0088750f9980b53cef216"", ""result"": ""accepted"", ""checked_at"": ""2026-10-06T18:08:44.716508+00:00""}",2026-10-06T18:08:44.716508+00:00
24116,be22566986bc84d8614f6e9960f2268c388170b8edad45166391c91b4031e647,chinese,7.5,chinese,True,reviewed_evidence_bound_to_exact_sgf,explicit_event_rule_sgf_komi_event_identity,False,False,,7.5,,7.5,27届三国赤壁古战场杯围甲15轮福建刺桐棋院-河南丰博4台；2026-01-25，黑刘兆哲，白李欣宸。绑定原始SGF SHA256 be22566986bc84d8614f6e9960f2268c388170b8edad45166391c91b4031e647；home/prod原始SGF与赛事、日期、棋手一致。证明范围/局限见reference_evidence、proof_class、source_binding。,{},"[""https://m.bjnews.com.cn/detail/174583306119104.html""]","[{""url"": ""https://m.bjnews.com.cn/detail/174583306119104.html"", ""proof_scope"": ""中国围棋协会2025围甲规程第七条第1项：采用2002中国围棋竞赛规则。"", ""limit"": ""这34局赛事归属依据原始棋谱/数据库身份，未逐局取得主办方原谱；每局7.5为显式KM，不由KM推断规则。""}]","{""method"": ""Exact UTF-8 SGF bytes and event/date/PB/PW compared between user-supplied home and production inventories; raw SGF identity fields also compared"", ""inventory_files"": {""home"": ""/tmp/report-rerun-home-inventory.json"", ""production"": ""/tmp/report-rerun-prod-inventory.json""}, ""inventory_sha256"": {""home"": ""268ebc8c9851dd74916bae4d64d30ff4c13a3bbbf7d842b50ef3c03c37b372b7"", ""production"": ""ac72850b6570f8e9b0d7e92d98b04d0e4941ce37e9c5e7ce2d67eeaa47a2bd65""}, ""checked_at"": ""2026-10-06T18:08:44.716508+00:00"", ""home_prod_identity_match"": true, ""sgf_identity_match"": true, ""official_game_identity_match"": false, ""identity_limit"": ""For the 34 Chinese-league records, edition/round/date and SGF/inventory identities are matched; no claim of 34 separately obtained organizer original SGFs or per-move official comparison.""}",null,"{""revision"": ""23710048f2ef97b4a0d0088750f9980b53cef216"", ""result"": ""accepted"", ""checked_at"": ""2026-10-06T18:08:44.716508+00:00""}",2026-10-06T18:08:44.716508+00:00
24117,c617145402aa817588e6b8f77b5ef5b99a108c80ce9f4b00ef470de436354abf,chinese,7.5,chinese,True,reviewed_evidence_bound_to_exact_sgf,explicit_event_rule_sgf_komi_event_identity,False,False,,7.5,,7.5,27届三国赤壁古战场杯围甲15轮苏泊尔杭州-山西元工弘弈4台；2026-01-25，黑陈正勋，白李钦诚。绑定原始SGF SHA256 c617145402aa817588e6b8f77b5ef5b99a108c80ce9f4b00ef470de436354abf；home/prod原始SGF与赛事、日期、棋手一致。证明范围/局限见reference_evidence、proof_class、source_binding。,{},"[""https://m.bjnews.com.cn/detail/174583306119104.html""]","[{""url"": ""https://m.bjnews.com.cn/detail/174583306119104.html"", ""proof_scope"": ""中国围棋协会2025围甲规程第七条第1项：采用2002中国围棋竞赛规则。"", ""limit"": ""这34局赛事归属依据原始棋谱/数据库身份，未逐局取得主办方原谱；每局7.5为显式KM，不由KM推断规则。""}]","{""method"": ""Exact UTF-8 SGF bytes and event/date/PB/PW compared between user-supplied home and production inventories; raw SGF identity fields also compared"", ""inventory_files"": {""home"": ""/tmp/report-rerun-home-inventory.json"", ""production"": ""/tmp/report-rerun-prod-inventory.json""}, ""inventory_sha256"": {""home"": ""268ebc8c9851dd74916bae4d64d30ff4c13a3bbbf7d842b50ef3c03c37b372b7"", ""production"": ""ac72850b6570f8e9b0d7e92d98b04d0e4941ce37e9c5e7ce2d67eeaa47a2bd65""}, ""checked_at"": ""2026-10-06T18:08:44.716508+00:00"", ""home_prod_identity_match"": true, ""sgf_identity_match"": true, ""official_game_identity_match"": false, ""identity_limit"": ""For the 34 Chinese-league records, edition/round/date and SGF/inventory identities are matched; no claim of 34 separately obtained organizer original SGFs or per-move official comparison.""}",null,"{""revision"": ""23710048f2ef97b4a0d0088750f9980b53cef216"", ""result"": ""accepted"", ""checked_at"": ""2026-10-06T18:08:44.716508+00:00""}",2026-10-06T18:08:44.716508+00:00
24118,14875916430092a96a287c0c7fceee53111370eea7413274dc8910d3b10e3150,chinese,7.5,chinese,True,reviewed_evidence_bound_to_exact_sgf,explicit_event_rule_sgf_komi_event_identity,False,False,,7.5,,7.5,27届三国赤壁古战场杯围甲15轮杭州智力运动-重庆坎济围棋1；2026-01-25，黑李昊潼，白杨鼎新。绑定原始SGF SHA256 14875916430092a96a287c0c7fceee53111370eea7413274dc8910d3b10e3150；home/prod原始SGF与赛事、日期、棋手一致。证明范围/局限见reference_evidence、proof_class、source_binding。,{},"[""https://m.bjnews.com.cn/detail/174583306119104.html""]","[{""url"": ""https://m.bjnews.com.cn/detail/174583306119104.html"", ""proof_scope"": ""中国围棋协会2025围甲规程第七条第1项：采用2002中国围棋竞赛规则。"", ""limit"": ""这34局赛事归属依据原始棋谱/数据库身份，未逐局取得主办方原谱；每局7.5为显式KM，不由KM推断规则。""}]","{""method"": ""Exact UTF-8 SGF bytes and event/date/PB/PW compared between user-supplied home and production inventories; raw SGF identity fields also compared"", ""inventory_files"": {""home"": ""/tmp/report-rerun-home-inventory.json"", ""production"": ""/tmp/report-rerun-prod-inventory.json""}, ""inventory_sha256"": {""home"": ""268ebc8c9851dd74916bae4d64d30ff4c13a3bbbf7d842b50ef3c03c37b372b7"", ""production"": ""ac72850b6570f8e9b0d7e92d98b04d0e4941ce37e9c5e7ce2d67eeaa47a2bd65""}, ""checked_at"": ""2026-10-06T18:08:44.716508+00:00"", ""home_prod_identity_match"": true, ""sgf_identity_match"": true, ""official_game_identity_match"": false, ""identity_limit"": ""For the 34 Chinese-league records, edition/round/date and SGF/inventory identities are matched; no claim of 34 separately obtained organizer original SGFs or per-move official comparison.""}",null,"{""revision"": ""23710048f2ef97b4a0d0088750f9980b53cef216"", ""result"": ""accepted"", ""checked_at"": ""2026-10-06T18:08:44.716508+00:00""}",2026-10-06T18:08:44.716508+00:00
24119,8a017a98bfd8328d61824b75990bfa38e42951ea06f723aa116e0021c3656371,chinese,7.5,chinese,True,reviewed_evidence_bound_to_exact_sgf,explicit_event_rule_sgf_komi_event_identity,False,False,,7.5,,7.5,27届三国赤壁古战场杯围甲15轮深圳聂道厚势-贵州仁怀酱香1；2026-01-25，黑辜梓豪，白薛冠华。绑定原始SGF SHA256 8a017a98bfd8328d61824b75990bfa38e42951ea06f723aa116e0021c3656371；home/prod原始SGF与赛事、日期、棋手一致。证明范围/局限见reference_evidence、proof_class、source_binding。,{},"[""https://m.bjnews.com.cn/detail/174583306119104.html""]","[{""url"": ""https://m.bjnews.com.cn/detail/174583306119104.html"", ""proof_scope"": ""中国围棋协会2025围甲规程第七条第1项：采用2002中国围棋竞赛规则。"", ""limit"": ""这34局赛事归属依据原始棋谱/数据库身份，未逐局取得主办方原谱；每局7.5为显式KM，不由KM推断规则。""}]","{""method"": ""Exact UTF-8 SGF bytes and event/date/PB/PW compared between user-supplied home and production inventories; raw SGF identity fields also compared"", ""inventory_files"": {""home"": ""/tmp/report-rerun-home-inventory.json"", ""production"": ""/tmp/report-rerun-prod-inventory.json""}, ""inventory_sha256"": {""home"": ""268ebc8c9851dd74916bae4d64d30ff4c13a3bbbf7d842b50ef3c03c37b372b7"", ""production"": ""ac72850b6570f8e9b0d7e92d98b04d0e4941ce37e9c5e7ce2d67eeaa47a2bd65""}, ""checked_at"": ""2026-10-06T18:08:44.716508+00:00"", ""home_prod_identity_match"": true, ""sgf_identity_match"": true, ""official_game_identity_match"": false, ""identity_limit"": ""For the 34 Chinese-league records, edition/round/date and SGF/inventory identities are matched; no claim of 34 separately obtained organizer original SGFs or per-move official comparison.""}",null,"{""revision"": ""23710048f2ef97b4a0d0088750f9980b53cef216"", ""result"": ""accepted"", ""checked_at"": ""2026-10-06T18:08:44.716508+00:00""}",2026-10-06T18:08:44.716508+00:00
24120,a47553d6e7a17148da5e75e4249dd8c09efa0347108fcee9d719bd58f44d09c3,chinese,7.5,chinese,True,reviewed_evidence_bound_to_exact_sgf,explicit_event_rule_sgf_komi_event_identity,False,False,,7.5,,7.5,27届三国赤壁古战场杯围甲15轮江苏洋河股份-浙江浙商证券3；2026-01-25，黑芈昱廷，白蒋其润。绑定原始SGF SHA256 a47553d6e7a17148da5e75e4249dd8c09efa0347108fcee9d719bd58f44d09c3；home/prod原始SGF与赛事、日期、棋手一致。证明范围/局限见reference_evidence、proof_class、source_binding。,{},"[""https://m.bjnews.com.cn/detail/174583306119104.html""]","[{""url"": ""https://m.bjnews.com.cn/detail/174583306119104.html"", ""proof_scope"": ""中国围棋协会2025围甲规程第七条第1项：采用2002中国围棋竞赛规则。"", ""limit"": ""这34局赛事归属依据原始棋谱/数据库身份，未逐局取得主办方原谱；每局7.5为显式KM，不由KM推断规则。""}]","{""method"": ""Exact UTF-8 SGF bytes and event/date/PB/PW compared between user-supplied home and production inventories; raw SGF identity fields also compared"", ""inventory_files"": {""home"": ""/tmp/report-rerun-home-inventory.json"", ""production"": ""/tmp/report-rerun-prod-inventory.json""}, ""inventory_sha256"": {""home"": ""268ebc8c9851dd74916bae4d64d30ff4c13a3bbbf7d842b50ef3c03c37b372b7"", ""production"": ""ac72850b6570f8e9b0d7e92d98b04d0e4941ce37e9c5e7ce2d67eeaa47a2bd65""}, ""checked_at"": ""2026-10-06T18:08:44.716508+00:00"", ""home_prod_identity_match"": true, ""sgf_identity_match"": true, ""official_game_identity_match"": false, ""identity_limit"": ""For the 34 Chinese-league records, edition/round/date and SGF/inventory identities are matched; no claim of 34 separately obtained organizer original SGFs or per-move official comparison.""}",null,"{""revision"": ""23710048f2ef97b4a0d0088750f9980b53cef216"", ""result"": ""accepted"", ""checked_at"": ""2026-10-06T18:08:44.716508+00:00""}",2026-10-06T18:08:44.716508+00:00
24121,b179fc4e4e911b78350fb963913a216ae0f5f4cc318e29b6c65bd62e4ca16e27,chinese,7.5,chinese,True,reviewed_evidence_bound_to_exact_sgf,explicit_event_rule_sgf_komi_event_identity,False,False,,7.5,,7.5,27届三国赤壁古战场杯围甲15/15轮成都-山东丰银4台；2026-01-25，黑许皓鋐，白廖元赫。绑定原始SGF SHA256 b179fc4e4e911b78350fb963913a216ae0f5f4cc318e29b6c65bd62e4ca16e27；home/prod原始SGF与赛事、日期、棋手一致。证明范围/局限见reference_evidence、proof_class、source_binding。,{},"[""https://m.bjnews.com.cn/detail/174583306119104.html""]","[{""url"": ""https://m.bjnews.com.cn/detail/174583306119104.html"", ""proof_scope"": ""中国围棋协会2025围甲规程第七条第1项：采用2002中国围棋竞赛规则。"", ""limit"": ""这34局赛事归属依据原始棋谱/数据库身份，未逐局取得主办方原谱；每局7.5为显式KM，不由KM推断规则。""}]","{""method"": ""Exact UTF-8 SGF bytes and event/date/PB/PW compared between user-supplied home and production inventories; raw SGF identity fields also compared"", ""inventory_files"": {""home"": ""/tmp/report-rerun-home-inventory.json"", ""production"": ""/tmp/report-rerun-prod-inventory.json""}, ""inventory_sha256"": {""home"": ""268ebc8c9851dd74916bae4d64d30ff4c13a3bbbf7d842b50ef3c03c37b372b7"", ""production"": ""ac72850b6570f8e9b0d7e92d98b04d0e4941ce37e9c5e7ce2d67eeaa47a2bd65""}, ""checked_at"": ""2026-10-06T18:08:44.716508+00:00"", ""home_prod_identity_match"": true, ""sgf_identity_match"": true, ""official_game_identity_match"": false, ""identity_limit"": ""For the 34 Chinese-league records, edition/round/date and SGF/inventory identities are matched; no claim of 34 separately obtained organizer original SGFs or per-move official comparison.""}",null,"{""revision"": ""23710048f2ef97b4a0d0088750f9980b53cef216"", ""result"": ""accepted"", ""checked_at"": ""2026-10-06T18:08:44.716508+00:00""}",2026-10-06T18:08:44.716508+00:00
24122,62b80a283723c61fc9e4f6331def2e085b3345c17b7459f9607ccba54f8e04f9,chinese,7.5,chinese,True,reviewed_evidence_bound_to_exact_sgf,explicit_event_rule_sgf_komi_event_identity,False,False,,7.5,,7.5,27届三国赤壁古战场杯围甲15轮上海清一-衢州烂柯3台；2026-01-25，黑邱禹然，白陈玉侬。绑定原始SGF SHA256 62b80a283723c61fc9e4f6331def2e085b3345c17b7459f9607ccba54f8e04f9；home/prod原始SGF与赛事、日期、棋手一致。证明范围/局限见reference_evidence、proof_class、source_binding。,{},"[""https://m.bjnews.com.cn/detail/174583306119104.html""]","[{""url"": ""https://m.bjnews.com.cn/detail/174583306119104.html"", ""proof_scope"": ""中国围棋协会2025围甲规程第七条第1项：采用2002中国围棋竞赛规则。"", ""limit"": ""这34局赛事归属依据原始棋谱/数据库身份，未逐局取得主办方原谱；每局7.5为显式KM，不由KM推断规则。""}]","{""method"": ""Exact UTF-8 SGF bytes and event/date/PB/PW compared between user-supplied home and production inventories; raw SGF identity fields also compared"", ""inventory_files"": {""home"": ""/tmp/report-rerun-home-inventory.json"", ""production"": ""/tmp/report-rerun-prod-inventory.json""}, ""inventory_sha256"": {""home"": ""268ebc8c9851dd74916bae4d64d30ff4c13a3bbbf7d842b50ef3c03c37b372b7"", ""production"": ""ac72850b6570f8e9b0d7e92d98b04d0e4941ce37e9c5e7ce2d67eeaa47a2bd65""}, ""checked_at"": ""2026-10-06T18:08:44.716508+00:00"", ""home_prod_identity_match"": true, ""sgf_identity_match"": true, ""official_game_identity_match"": false, ""identity_limit"": ""For the 34 Chinese-league records, edition/round/date and SGF/inventory identities are matched; no claim of 34 separately obtained organizer original SGFs or per-move official comparison.""}",null,"{""revision"": ""23710048f2ef97b4a0d0088750f9980b53cef216"", ""result"": ""accepted"", ""checked_at"": ""2026-10-06T18:08:44.716508+00:00""}",2026-10-06T18:08:44.716508+00:00
24123,904083f13edd36a8482bbc49384b068feb4d8406bb0b691c514f4be8baa43dd7,chinese,7.5,chinese,True,reviewed_evidence_bound_to_exact_sgf,explicit_event_rule_sgf_komi_event_identity,False,False,,7.5,,7.5,27届三国赤壁古战场杯围甲15轮福建刺桐棋院-河南丰博2台；2026-01-25，黑黄静远，白陈豪鑫。绑定原始SGF SHA256 904083f13edd36a8482bbc49384b068feb4d8406bb0b691c514f4be8baa43dd7；home/prod原始SGF与赛事、日期、棋手一致。证明范围/局限见reference_evidence、proof_class、source_binding。,{},"[""https://m.bjnews.com.cn/detail/174583306119104.html""]","[{""url"": ""https://m.bjnews.com.cn/detail/174583306119104.html"", ""proof_scope"": ""中国围棋协会2025围甲规程第七条第1项：采用2002中国围棋竞赛规则。"", ""limit"": ""这34局赛事归属依据原始棋谱/数据库身份，未逐局取得主办方原谱；每局7.5为显式KM，不由KM推断规则。""}]","{""method"": ""Exact UTF-8 SGF bytes and event/date/PB/PW compared between user-supplied home and production inventories; raw SGF identity fields also compared"", ""inventory_files"": {""home"": ""/tmp/report-rerun-home-inventory.json"", ""production"": ""/tmp/report-rerun-prod-inventory.json""}, ""inventory_sha256"": {""home"": ""268ebc8c9851dd74916bae4d64d30ff4c13a3bbbf7d842b50ef3c03c37b372b7"", ""production"": ""ac72850b6570f8e9b0d7e92d98b04d0e4941ce37e9c5e7ce2d67eeaa47a2bd65""}, ""checked_at"": ""2026-10-06T18:08:44.716508+00:00"", ""home_prod_identity_match"": true, ""sgf_identity_match"": true, ""official_game_identity_match"": false, ""identity_limit"": ""For the 34 Chinese-league records, edition/round/date and SGF/inventory identities are matched; no claim of 34 separately obtained organizer original SGFs or per-move official comparison.""}",null,"{""revision"": ""23710048f2ef97b4a0d0088750f9980b53cef216"", ""result"": ""accepted"", ""checked_at"": ""2026-10-06T18:08:44.716508+00:00""}",2026-10-06T18:08:44.716508+00:00
24124,a7b7f252f17c601ceb1b236e4ec88622cf55686a7a090be204b96cba844f3c78,chinese,7.5,chinese,True,reviewed_evidence_bound_to_exact_sgf,explicit_event_rule_sgf_komi_event_identity,False,False,,7.5,,7.5,27届三国赤壁古战场杯围甲15轮杭州智力运动-重庆坎济围棋3；2026-01-25，黑夏晨琨，白傅健恒。绑定原始SGF SHA256 a7b7f252f17c601ceb1b236e4ec88622cf55686a7a090be204b96cba844f3c78；home/prod原始SGF与赛事、日期、棋手一致。证明范围/局限见reference_evidence、proof_class、source_binding。,{},"[""https://m.bjnews.com.cn/detail/174583306119104.html""]","[{""url"": ""https://m.bjnews.com.cn/detail/174583306119104.html"", ""proof_scope"": ""中国围棋协会2025围甲规程第七条第1项：采用2002中国围棋竞赛规则。"", ""limit"": ""这34局赛事归属依据原始棋谱/数据库身份，未逐局取得主办方原谱；每局7.5为显式KM，不由KM推断规则。""}]","{""method"": ""Exact UTF-8 SGF bytes and event/date/PB/PW compared between user-supplied home and production inventories; raw SGF identity fields also compared"", ""inventory_files"": {""home"": ""/tmp/report-rerun-home-inventory.json"", ""production"": ""/tmp/report-rerun-prod-inventory.json""}, ""inventory_sha256"": {""home"": ""268ebc8c9851dd74916bae4d64d30ff4c13a3bbbf7d842b50ef3c03c37b372b7"", ""production"": ""ac72850b6570f8e9b0d7e92d98b04d0e4941ce37e9c5e7ce2d67eeaa47a2bd65""}, ""checked_at"": ""2026-10-06T18:08:44.716508+00:00"", ""home_prod_identity_match"": true, ""sgf_identity_match"": true, ""official_game_identity_match"": false, ""identity_limit"": ""For the 34 Chinese-league records, edition/round/date and SGF/inventory identities are matched; no claim of 34 separately obtained organizer original SGFs or per-move official comparison.""}",null,"{""revision"": ""23710048f2ef97b4a0d0088750f9980b53cef216"", ""result"": ""accepted"", ""checked_at"": ""2026-10-06T18:08:44.716508+00:00""}",2026-10-06T18:08:44.716508+00:00
24125,d9a7b3f0bb075043d6d5eb8146e45453740c164bccaa4701eead753dcd24765d,chinese,7.5,chinese,True,reviewed_evidence_bound_to_exact_sgf,explicit_event_rule_sgf_komi_event_identity,False,False,,7.5,,7.5,27届三国赤壁古战场杯围甲15轮深圳龙华-上海聚申体育4台；2026-01-25，黑张涛，白时越。绑定原始SGF SHA256 d9a7b3f0bb075043d6d5eb8146e45453740c164bccaa4701eead753dcd24765d；home/prod原始SGF与赛事、日期、棋手一致。证明范围/局限见reference_evidence、proof_class、source_binding。,{},"[""https://m.bjnews.com.cn/detail/174583306119104.html""]","[{""url"": ""https://m.bjnews.com.cn/detail/174583306119104.html"", ""proof_scope"": ""中国围棋协会2025围甲规程第七条第1项：采用2002中国围棋竞赛规则。"", ""limit"": ""这34局赛事归属依据原始棋谱/数据库身份，未逐局取得主办方原谱；每局7.5为显式KM，不由KM推断规则。""}]","{""method"": ""Exact UTF-8 SGF bytes and event/date/PB/PW compared between user-supplied home and production inventories; raw SGF identity fields also compared"", ""inventory_files"": {""home"": ""/tmp/report-rerun-home-inventory.json"", ""production"": ""/tmp/report-rerun-prod-inventory.json""}, ""inventory_sha256"": {""home"": ""268ebc8c9851dd74916bae4d64d30ff4c13a3bbbf7d842b50ef3c03c37b372b7"", ""production"": ""ac72850b6570f8e9b0d7e92d98b04d0e4941ce37e9c5e7ce2d67eeaa47a2bd65""}, ""checked_at"": ""2026-10-06T18:08:44.716508+00:00"", ""home_prod_identity_match"": true, ""sgf_identity_match"": true, ""official_game_identity_match"": false, ""identity_limit"": ""For the 34 Chinese-league records, edition/round/date and SGF/inventory identities are matched; no claim of 34 separately obtained organizer original SGFs or per-move official comparison.""}",null,"{""revision"": ""23710048f2ef97b4a0d0088750f9980b53cef216"", ""result"": ""accepted"", ""checked_at"": ""2026-10-06T18:08:44.716508+00:00""}",2026-10-06T18:08:44.716508+00:00
24126,11b72049c5a6d72cdb3d94d8f7d7d6eadd4003cd4850eb235af0cc89cb17a2df,chinese,7.5,chinese,True,reviewed_evidence_bound_to_exact_sgf,explicit_event_rule_sgf_komi_event_identity,False,False,,7.5,,7.5,27届三国赤壁古战场杯围甲15轮上海清一-衢州烂柯1台；2026-01-25，黑许一笛，白柁嘉熹。绑定原始SGF SHA256 11b72049c5a6d72cdb3d94d8f7d7d6eadd4003cd4850eb235af0cc89cb17a2df；home/prod原始SGF与赛事、日期、棋手一致。证明范围/局限见reference_evidence、proof_class、source_binding。,{},"[""https://m.bjnews.com.cn/detail/174583306119104.html""]","[{""url"": ""https://m.bjnews.com.cn/detail/174583306119104.html"", ""proof_scope"": ""中国围棋协会2025围甲规程第七条第1项：采用2002中国围棋竞赛规则。"", ""limit"": ""这34局赛事归属依据原始棋谱/数据库身份，未逐局取得主办方原谱；每局7.5为显式KM，不由KM推断规则。""}]","{""method"": ""Exact UTF-8 SGF bytes and event/date/PB/PW compared between user-supplied home and production inventories; raw SGF identity fields also compared"", ""inventory_files"": {""home"": ""/tmp/report-rerun-home-inventory.json"", ""production"": ""/tmp/report-rerun-prod-inventory.json""}, ""inventory_sha256"": {""home"": ""268ebc8c9851dd74916bae4d64d30ff4c13a3bbbf7d842b50ef3c03c37b372b7"", ""production"": ""ac72850b6570f8e9b0d7e92d98b04d0e4941ce37e9c5e7ce2d67eeaa47a2bd65""}, ""checked_at"": ""2026-10-06T18:08:44.716508+00:00"", ""home_prod_identity_match"": true, ""sgf_identity_match"": true, ""official_game_identity_match"": false, ""identity_limit"": ""For the 34 Chinese-league records, edition/round/date and SGF/inventory identities are matched; no claim of 34 separately obtained organizer original SGFs or per-move official comparison.""}",null,"{""revision"": ""23710048f2ef97b4a0d0088750f9980b53cef216"", ""result"": ""accepted"", ""checked_at"": ""2026-10-06T18:08:44.716508+00:00""}",2026-10-06T18:08:44.716508+00:00
24127,a063bcc679cc7d20e4a8d6687a9fde6bc4406313995c93a28426cac8f17bb331,chinese,7.5,chinese,True,reviewed_evidence_bound_to_exact_sgf,explicit_event_rule_sgf_komi_event_identity,False,False,,7.5,,7.5,27届三国赤壁古战场杯围甲15轮杭州智力运动-重庆坎济围棋4；2026-01-25，黑李轩豪，白叶长欣。绑定原始SGF SHA256 a063bcc679cc7d20e4a8d6687a9fde6bc4406313995c93a28426cac8f17bb331；home/prod原始SGF与赛事、日期、棋手一致。证明范围/局限见reference_evidence、proof_class、source_binding。,{},"[""https://m.bjnews.com.cn/detail/174583306119104.html""]","[{""url"": ""https://m.bjnews.com.cn/detail/174583306119104.html"", ""proof_scope"": ""中国围棋协会2025围甲规程第七条第1项：采用2002中国围棋竞赛规则。"", ""limit"": ""这34局赛事归属依据原始棋谱/数据库身份，未逐局取得主办方原谱；每局7.5为显式KM，不由KM推断规则。""}]","{""method"": ""Exact UTF-8 SGF bytes and event/date/PB/PW compared between user-supplied home and production inventories; raw SGF identity fields also compared"", ""inventory_files"": {""home"": ""/tmp/report-rerun-home-inventory.json"", ""production"": ""/tmp/report-rerun-prod-inventory.json""}, ""inventory_sha256"": {""home"": ""268ebc8c9851dd74916bae4d64d30ff4c13a3bbbf7d842b50ef3c03c37b372b7"", ""production"": ""ac72850b6570f8e9b0d7e92d98b04d0e4941ce37e9c5e7ce2d67eeaa47a2bd65""}, ""checked_at"": ""2026-10-06T18:08:44.716508+00:00"", ""home_prod_identity_match"": true, ""sgf_identity_match"": true, ""official_game_identity_match"": false, ""identity_limit"": ""For the 34 Chinese-league records, edition/round/date and SGF/inventory identities are matched; no claim of 34 separately obtained organizer original SGFs or per-move official comparison.""}",null,"{""revision"": ""23710048f2ef97b4a0d0088750f9980b53cef216"", ""result"": ""accepted"", ""checked_at"": ""2026-10-06T18:08:44.716508+00:00""}",2026-10-06T18:08:44.716508+00:00
24128,4f024f1998071dfb36f44741c7b6aa67529a56c9df69317fbc5c9d3303c7a1e3,chinese,7.5,chinese,True,reviewed_evidence_bound_to_exact_sgf,explicit_event_rule_sgf_komi_event_identity,False,False,,7.5,,7.5,27届三国赤壁古战场杯围甲15轮深圳龙华-上海聚申体育3台；2026-01-25，黑戎毅，白李维清。绑定原始SGF SHA256 4f024f1998071dfb36f44741c7b6aa67529a56c9df69317fbc5c9d3303c7a1e3；home/prod原始SGF与赛事、日期、棋手一致。证明范围/局限见reference_evidence、proof_class、source_binding。,{},"[""https://m.bjnews.com.cn/detail/174583306119104.html""]","[{""url"": ""https://m.bjnews.com.cn/detail/174583306119104.html"", ""proof_scope"": ""中国围棋协会2025围甲规程第七条第1项：采用2002中国围棋竞赛规则。"", ""limit"": ""这34局赛事归属依据原始棋谱/数据库身份，未逐局取得主办方原谱；每局7.5为显式KM，不由KM推断规则。""}]","{""method"": ""Exact UTF-8 SGF bytes and event/date/PB/PW compared between user-supplied home and production inventories; raw SGF identity fields also compared"", ""inventory_files"": {""home"": ""/tmp/report-rerun-home-inventory.json"", ""production"": ""/tmp/report-rerun-prod-inventory.json""}, ""inventory_sha256"": {""home"": ""268ebc8c9851dd74916bae4d64d30ff4c13a3bbbf7d842b50ef3c03c37b372b7"", ""production"": ""ac72850b6570f8e9b0d7e92d98b04d0e4941ce37e9c5e7ce2d67eeaa47a2bd65""}, ""checked_at"": ""2026-10-06T18:08:44.716508+00:00"", ""home_prod_identity_match"": true, ""sgf_identity_match"": true, ""official_game_identity_match"": false, ""identity_limit"": ""For the 34 Chinese-league records, edition/round/date and SGF/inventory identities are matched; no claim of 34 separately obtained organizer original SGFs or per-move official comparison.""}",null,"{""revision"": ""23710048f2ef97b4a0d0088750f9980b53cef216"", ""result"": ""accepted"", ""checked_at"": ""2026-10-06T18:08:44.716508+00:00""}",2026-10-06T18:08:44.716508+00:00
24129,83c0cfb450f35f1e7d0001f8e42f25795dc7fc53a39a2c6cc22e80d40d7013bc,chinese,7.5,chinese,True,reviewed_evidence_bound_to_exact_sgf,explicit_event_rule_sgf_komi_event_identity,False,False,,7.5,,7.5,27届三国赤壁古战场杯围甲15/15轮成都-山东丰银3台；2026-01-25，黑谢尔豪，白伊凌涛。绑定原始SGF SHA256 83c0cfb450f35f1e7d0001f8e42f25795dc7fc53a39a2c6cc22e80d40d7013bc；home/prod原始SGF与赛事、日期、棋手一致。证明范围/局限见reference_evidence、proof_class、source_binding。,{},"[""https://m.bjnews.com.cn/detail/174583306119104.html""]","[{""url"": ""https://m.bjnews.com.cn/detail/174583306119104.html"", ""proof_scope"": ""中国围棋协会2025围甲规程第七条第1项：采用2002中国围棋竞赛规则。"", ""limit"": ""这34局赛事归属依据原始棋谱/数据库身份，未逐局取得主办方原谱；每局7.5为显式KM，不由KM推断规则。""}]","{""method"": ""Exact UTF-8 SGF bytes and event/date/PB/PW compared between user-supplied home and production inventories; raw SGF identity fields also compared"", ""inventory_files"": {""home"": ""/tmp/report-rerun-home-inventory.json"", ""production"": ""/tmp/report-rerun-prod-inventory.json""}, ""inventory_sha256"": {""home"": ""268ebc8c9851dd74916bae4d64d30ff4c13a3bbbf7d842b50ef3c03c37b372b7"", ""production"": ""ac72850b6570f8e9b0d7e92d98b04d0e4941ce37e9c5e7ce2d67eeaa47a2bd65""}, ""checked_at"": ""2026-10-06T18:08:44.716508+00:00"", ""home_prod_identity_match"": true, ""sgf_identity_match"": true, ""official_game_identity_match"": false, ""identity_limit"": ""For the 34 Chinese-league records, edition/round/date and SGF/inventory identities are matched; no claim of 34 separately obtained organizer original SGFs or per-move official comparison.""}",null,"{""revision"": ""23710048f2ef97b4a0d0088750f9980b53cef216"", ""result"": ""accepted"", ""checked_at"": ""2026-10-06T18:08:44.716508+00:00""}",2026-10-06T18:08:44.716508+00:00
24130,2523bfbfea7b6c7f967176893aa91ea2f37208226675117fb4084a2202760330,chinese,7.5,chinese,True,reviewed_evidence_bound_to_exact_sgf,explicit_event_rule_sgf_komi_event_identity,False,False,,7.5,,7.5,27届三国赤壁古战场杯围甲15轮上海清一-衢州烂柯2台；2026-01-25，黑连笑，白王楚轩。绑定原始SGF SHA256 2523bfbfea7b6c7f967176893aa91ea2f37208226675117fb4084a2202760330；home/prod原始SGF与赛事、日期、棋手一致。证明范围/局限见reference_evidence、proof_class、source_binding。,{},"[""https://m.bjnews.com.cn/detail/174583306119104.html""]","[{""url"": ""https://m.bjnews.com.cn/detail/174583306119104.html"", ""proof_scope"": ""中国围棋协会2025围甲规程第七条第1项：采用2002中国围棋竞赛规则。"", ""limit"": ""这34局赛事归属依据原始棋谱/数据库身份，未逐局取得主办方原谱；每局7.5为显式KM，不由KM推断规则。""}]","{""method"": ""Exact UTF-8 SGF bytes and event/date/PB/PW compared between user-supplied home and production inventories; raw SGF identity fields also compared"", ""inventory_files"": {""home"": ""/tmp/report-rerun-home-inventory.json"", ""production"": ""/tmp/report-rerun-prod-inventory.json""}, ""inventory_sha256"": {""home"": ""268ebc8c9851dd74916bae4d64d30ff4c13a3bbbf7d842b50ef3c03c37b372b7"", ""production"": ""ac72850b6570f8e9b0d7e92d98b04d0e4941ce37e9c5e7ce2d67eeaa47a2bd65""}, ""checked_at"": ""2026-10-06T18:08:44.716508+00:00"", ""home_prod_identity_match"": true, ""sgf_identity_match"": true, ""official_game_identity_match"": false, ""identity_limit"": ""For the 34 Chinese-league records, edition/round/date and SGF/inventory identities are matched; no claim of 34 separately obtained organizer original SGFs or per-move official comparison.""}",null,"{""revision"": ""23710048f2ef97b4a0d0088750f9980b53cef216"", ""result"": ""accepted"", ""checked_at"": ""2026-10-06T18:08:44.716508+00:00""}",2026-10-06T18:08:44.716508+00:00
24131,7cc8dd21bdf3ac50a3bbf1b733f2fe20dc10c0f0b34ffc356f42501a23a2cccf,chinese,7.5,chinese,True,reviewed_evidence_bound_to_exact_sgf,explicit_event_rule_sgf_komi_event_identity,False,False,,7.5,,7.5,27届三国赤壁古战场杯围甲15轮杭州智力运动-重庆坎济围棋2；2026-01-25，黑何语涵，白胡子豪。绑定原始SGF SHA256 7cc8dd21bdf3ac50a3bbf1b733f2fe20dc10c0f0b34ffc356f42501a23a2cccf；home/prod原始SGF与赛事、日期、棋手一致。证明范围/局限见reference_evidence、proof_class、source_binding。,{},"[""https://m.bjnews.com.cn/detail/174583306119104.html""]","[{""url"": ""https://m.bjnews.com.cn/detail/174583306119104.html"", ""proof_scope"": ""中国围棋协会2025围甲规程第七条第1项：采用2002中国围棋竞赛规则。"", ""limit"": ""这34局赛事归属依据原始棋谱/数据库身份，未逐局取得主办方原谱；每局7.5为显式KM，不由KM推断规则。""}]","{""method"": ""Exact UTF-8 SGF bytes and event/date/PB/PW compared between user-supplied home and production inventories; raw SGF identity fields also compared"", ""inventory_files"": {""home"": ""/tmp/report-rerun-home-inventory.json"", ""production"": ""/tmp/report-rerun-prod-inventory.json""}, ""inventory_sha256"": {""home"": ""268ebc8c9851dd74916bae4d64d30ff4c13a3bbbf7d842b50ef3c03c37b372b7"", ""production"": ""ac72850b6570f8e9b0d7e92d98b04d0e4941ce37e9c5e7ce2d67eeaa47a2bd65""}, ""checked_at"": ""2026-10-06T18:08:44.716508+00:00"", ""home_prod_identity_match"": true, ""sgf_identity_match"": true, ""official_game_identity_match"": false, ""identity_limit"": ""For the 34 Chinese-league records, edition/round/date and SGF/inventory identities are matched; no claim of 34 separately obtained organizer original SGFs or per-move official comparison.""}",null,"{""revision"": ""23710048f2ef97b4a0d0088750f9980b53cef216"", ""result"": ""accepted"", ""checked_at"": ""2026-10-06T18:08:44.716508+00:00""}",2026-10-06T18:08:44.716508+00:00
24132,72f29a8d0fad3f061bf18dce99c01725dbdb17cb62d3f5e5829fff9efaaec500,chinese,7.5,chinese,True,reviewed_evidence_bound_to_exact_sgf,explicit_event_rule_sgf_komi_event_identity,False,False,,7.5,,7.5,27届三国赤壁古战场杯围甲15轮深圳聂道厚势-贵州仁怀酱香2；2026-01-25，黑陈梓健，白范胤。绑定原始SGF SHA256 72f29a8d0fad3f061bf18dce99c01725dbdb17cb62d3f5e5829fff9efaaec500；home/prod原始SGF与赛事、日期、棋手一致。证明范围/局限见reference_evidence、proof_class、source_binding。,{},"[""https://m.bjnews.com.cn/detail/174583306119104.html""]","[{""url"": ""https://m.bjnews.com.cn/detail/174583306119104.html"", ""proof_scope"": ""中国围棋协会2025围甲规程第七条第1项：采用2002中国围棋竞赛规则。"", ""limit"": ""这34局赛事归属依据原始棋谱/数据库身份，未逐局取得主办方原谱；每局7.5为显式KM，不由KM推断规则。""}]","{""method"": ""Exact UTF-8 SGF bytes and event/date/PB/PW compared between user-supplied home and production inventories; raw SGF identity fields also compared"", ""inventory_files"": {""home"": ""/tmp/report-rerun-home-inventory.json"", ""production"": ""/tmp/report-rerun-prod-inventory.json""}, ""inventory_sha256"": {""home"": ""268ebc8c9851dd74916bae4d64d30ff4c13a3bbbf7d842b50ef3c03c37b372b7"", ""production"": ""ac72850b6570f8e9b0d7e92d98b04d0e4941ce37e9c5e7ce2d67eeaa47a2bd65""}, ""checked_at"": ""2026-10-06T18:08:44.716508+00:00"", ""home_prod_identity_match"": true, ""sgf_identity_match"": true, ""official_game_identity_match"": false, ""identity_limit"": ""For the 34 Chinese-league records, edition/round/date and SGF/inventory identities are matched; no claim of 34 separately obtained organizer original SGFs or per-move official comparison.""}",null,"{""revision"": ""23710048f2ef97b4a0d0088750f9980b53cef216"", ""result"": ""accepted"", ""checked_at"": ""2026-10-06T18:08:44.716508+00:00""}",2026-10-06T18:08:44.716508+00:00
24133,1f70c42d7ad37e38ec7b77998510822f2cc32b1b34bf45b5e88097431f3cf48a,chinese,7.5,chinese,True,reviewed_evidence_bound_to_exact_sgf,explicit_event_rule_sgf_komi_event_identity,False,False,,7.5,,7.5,27届三国赤壁古战场杯围甲15/15轮成都-山东丰银2台；2026-01-25，黑周子弈，白党毅飞。绑定原始SGF SHA256 1f70c42d7ad37e38ec7b77998510822f2cc32b1b34bf45b5e88097431f3cf48a；home/prod原始SGF与赛事、日期、棋手一致。证明范围/局限见reference_evidence、proof_class、source_binding。,{},"[""https://m.bjnews.com.cn/detail/174583306119104.html""]","[{""url"": ""https://m.bjnews.com.cn/detail/174583306119104.html"", ""proof_scope"": ""中国围棋协会2025围甲规程第七条第1项：采用2002中国围棋竞赛规则。"", ""limit"": ""这34局赛事归属依据原始棋谱/数据库身份，未逐局取得主办方原谱；每局7.5为显式KM，不由KM推断规则。""}]","{""method"": ""Exact UTF-8 SGF bytes and event/date/PB/PW compared between user-supplied home and production inventories; raw SGF identity fields also compared"", ""inventory_files"": {""home"": ""/tmp/report-rerun-home-inventory.json"", ""production"": ""/tmp/report-rerun-prod-inventory.json""}, ""inventory_sha256"": {""home"": ""268ebc8c9851dd74916bae4d64d30ff4c13a3bbbf7d842b50ef3c03c37b372b7"", ""production"": ""ac72850b6570f8e9b0d7e92d98b04d0e4941ce37e9c5e7ce2d67eeaa47a2bd65""}, ""checked_at"": ""2026-10-06T18:08:44.716508+00:00"", ""home_prod_identity_match"": true, ""sgf_identity_match"": true, ""official_game_identity_match"": false, ""identity_limit"": ""For the 34 Chinese-league records, edition/round/date and SGF/inventory identities are matched; no claim of 34 separately obtained organizer original SGFs or per-move official comparison.""}",null,"{""revision"": ""23710048f2ef97b4a0d0088750f9980b53cef216"", ""result"": ""accepted"", ""checked_at"": ""2026-10-06T18:08:44.716508+00:00""}",2026-10-06T18:08:44.716508+00:00
24134,41523789b8178a31eb798e94404136464a9a0fcb501ff0c9a5532bbfdefb4622,chinese,7.5,chinese,True,reviewed_evidence_bound_to_exact_sgf,explicit_event_rule_sgf_komi_event_identity,False,False,,7.5,,7.5,27届三国赤壁古战场杯围甲15轮福建刺桐棋院-河南丰博3台；2026-01-25，黑唐嘉雯，白黄昕。绑定原始SGF SHA256 41523789b8178a31eb798e94404136464a9a0fcb501ff0c9a5532bbfdefb4622；home/prod原始SGF与赛事、日期、棋手一致。证明范围/局限见reference_evidence、proof_class、source_binding。,{},"[""https://m.bjnews.com.cn/detail/174583306119104.html""]","[{""url"": ""https://m.bjnews.com.cn/detail/174583306119104.html"", ""proof_scope"": ""中国围棋协会2025围甲规程第七条第1项：采用2002中国围棋竞赛规则。"", ""limit"": ""这34局赛事归属依据原始棋谱/数据库身份，未逐局取得主办方原谱；每局7.5为显式KM，不由KM推断规则。""}]","{""method"": ""Exact UTF-8 SGF bytes and event/date/PB/PW compared between user-supplied home and production inventories; raw SGF identity fields also compared"", ""inventory_files"": {""home"": ""/tmp/report-rerun-home-inventory.json"", ""production"": ""/tmp/report-rerun-prod-inventory.json""}, ""inventory_sha256"": {""home"": ""268ebc8c9851dd74916bae4d64d30ff4c13a3bbbf7d842b50ef3c03c37b372b7"", ""production"": ""ac72850b6570f8e9b0d7e92d98b04d0e4941ce37e9c5e7ce2d67eeaa47a2bd65""}, ""checked_at"": ""2026-10-06T18:08:44.716508+00:00"", ""home_prod_identity_match"": true, ""sgf_identity_match"": true, ""official_game_identity_match"": false, ""identity_limit"": ""For the 34 Chinese-league records, edition/round/date and SGF/inventory identities are matched; no claim of 34 separately obtained organizer original SGFs or per-move official comparison.""}",null,"{""revision"": ""23710048f2ef97b4a0d0088750f9980b53cef216"", ""result"": ""accepted"", ""checked_at"": ""2026-10-06T18:08:44.716508+00:00""}",2026-10-06T18:08:44.716508+00:00
24135,5591dce9c20fac53607a4edf94fac222dedcfac608b8880743b9e14add4f178c,chinese,7.5,chinese,True,reviewed_evidence_bound_to_exact_sgf,explicit_event_rule_sgf_komi_event_identity,False,False,,7.5,,7.5,27届三国赤壁古战场杯围甲15轮上海清一-衢州烂柯4台；2026-01-25，黑刘宇航，白李泽锐。绑定原始SGF SHA256 5591dce9c20fac53607a4edf94fac222dedcfac608b8880743b9e14add4f178c；home/prod原始SGF与赛事、日期、棋手一致。证明范围/局限见reference_evidence、proof_class、source_binding。,{},"[""https://m.bjnews.com.cn/detail/174583306119104.html""]","[{""url"": ""https://m.bjnews.com.cn/detail/174583306119104.html"", ""proof_scope"": ""中国围棋协会2025围甲规程第七条第1项：采用2002中国围棋竞赛规则。"", ""limit"": ""这34局赛事归属依据原始棋谱/数据库身份，未逐局取得主办方原谱；每局7.5为显式KM，不由KM推断规则。""}]","{""method"": ""Exact UTF-8 SGF bytes and event/date/PB/PW compared between user-supplied home and production inventories; raw SGF identity fields also compared"", ""inventory_files"": {""home"": ""/tmp/report-rerun-home-inventory.json"", ""production"": ""/tmp/report-rerun-prod-inventory.json""}, ""inventory_sha256"": {""home"": ""268ebc8c9851dd74916bae4d64d30ff4c13a3bbbf7d842b50ef3c03c37b372b7"", ""production"": ""ac72850b6570f8e9b0d7e92d98b04d0e4941ce37e9c5e7ce2d67eeaa47a2bd65""}, ""checked_at"": ""2026-10-06T18:08:44.716508+00:00"", ""home_prod_identity_match"": true, ""sgf_identity_match"": true, ""official_game_identity_match"": false, ""identity_limit"": ""For the 34 Chinese-league records, edition/round/date and SGF/inventory identities are matched; no claim of 34 separately obtained organizer original SGFs or per-move official comparison.""}",null,"{""revision"": ""23710048f2ef97b4a0d0088750f9980b53cef216"", ""result"": ""accepted"", ""checked_at"": ""2026-10-06T18:08:44.716508+00:00""}",2026-10-06T18:08:44.716508+00:00
24136,0a12fa8f6e31a51af196369ae5e5a3dc6308e3798e211747f1a806830c36811b,chinese,7.5,chinese,True,reviewed_evidence_bound_to_exact_sgf,explicit_event_rule_sgf_komi_event_identity,False,False,,7.5,,7.5,27届三国赤壁古战场杯围甲15轮深圳龙华-上海聚申体育2台；2026-01-25，黑黄明宇，白沈沛然。绑定原始SGF SHA256 0a12fa8f6e31a51af196369ae5e5a3dc6308e3798e211747f1a806830c36811b；home/prod原始SGF与赛事、日期、棋手一致。证明范围/局限见reference_evidence、proof_class、source_binding。,{},"[""https://m.bjnews.com.cn/detail/174583306119104.html""]","[{""url"": ""https://m.bjnews.com.cn/detail/174583306119104.html"", ""proof_scope"": ""中国围棋协会2025围甲规程第七条第1项：采用2002中国围棋竞赛规则。"", ""limit"": ""这34局赛事归属依据原始棋谱/数据库身份，未逐局取得主办方原谱；每局7.5为显式KM，不由KM推断规则。""}]","{""method"": ""Exact UTF-8 SGF bytes and event/date/PB/PW compared between user-supplied home and production inventories; raw SGF identity fields also compared"", ""inventory_files"": {""home"": ""/tmp/report-rerun-home-inventory.json"", ""production"": ""/tmp/report-rerun-prod-inventory.json""}, ""inventory_sha256"": {""home"": ""268ebc8c9851dd74916bae4d64d30ff4c13a3bbbf7d842b50ef3c03c37b372b7"", ""production"": ""ac72850b6570f8e9b0d7e92d98b04d0e4941ce37e9c5e7ce2d67eeaa47a2bd65""}, ""checked_at"": ""2026-10-06T18:08:44.716508+00:00"", ""home_prod_identity_match"": true, ""sgf_identity_match"": true, ""official_game_identity_match"": false, ""identity_limit"": ""For the 34 Chinese-league records, edition/round/date and SGF/inventory identities are matched; no claim of 34 separately obtained organizer original SGFs or per-move official comparison.""}",null,"{""revision"": ""23710048f2ef97b4a0d0088750f9980b53cef216"", ""result"": ""accepted"", ""checked_at"": ""2026-10-06T18:08:44.716508+00:00""}",2026-10-06T18:08:44.716508+00:00
24137,04e368b917177f05ca86422522246d62efab5cbfaf5191fc30f9c82814bb70e9,chinese,7.5,chinese,True,reviewed_evidence_bound_to_exact_sgf,explicit_event_rule_sgf_komi_event_identity,False,False,,7.5,,7.5,27届三国赤壁古战场杯围甲15轮江苏洋河股份-浙江浙商证券1；2026-01-25，黑黄云嵩，白檀啸。绑定原始SGF SHA256 04e368b917177f05ca86422522246d62efab5cbfaf5191fc30f9c82814bb70e9；home/prod原始SGF与赛事、日期、棋手一致。证明范围/局限见reference_evidence、proof_class、source_binding。,{},"[""https://m.bjnews.com.cn/detail/174583306119104.html""]","[{""url"": ""https://m.bjnews.com.cn/detail/174583306119104.html"", ""proof_scope"": ""中国围棋协会2025围甲规程第七条第1项：采用2002中国围棋竞赛规则。"", ""limit"": ""这34局赛事归属依据原始棋谱/数据库身份，未逐局取得主办方原谱；每局7.5为显式KM，不由KM推断规则。""}]","{""method"": ""Exact UTF-8 SGF bytes and event/date/PB/PW compared between user-supplied home and production inventories; raw SGF identity fields also compared"", ""inventory_files"": {""home"": ""/tmp/report-rerun-home-inventory.json"", ""production"": ""/tmp/report-rerun-prod-inventory.json""}, ""inventory_sha256"": {""home"": ""268ebc8c9851dd74916bae4d64d30ff4c13a3bbbf7d842b50ef3c03c37b372b7"", ""production"": ""ac72850b6570f8e9b0d7e92d98b04d0e4941ce37e9c5e7ce2d67eeaa47a2bd65""}, ""checked_at"": ""2026-10-06T18:08:44.716508+00:00"", ""home_prod_identity_match"": true, ""sgf_identity_match"": true, ""official_game_identity_match"": false, ""identity_limit"": ""For the 34 Chinese-league records, edition/round/date and SGF/inventory identities are matched; no claim of 34 separately obtained organizer original SGFs or per-move official comparison.""}",null,"{""revision"": ""23710048f2ef97b4a0d0088750f9980b53cef216"", ""result"": ""accepted"", ""checked_at"": ""2026-10-06T18:08:44.716508+00:00""}",2026-10-06T18:08:44.716508+00:00
24138,d3dd32ba6d1af567c973714d19e4c5cd4cbeaf242228d9348b5ac75ea990e6d5,chinese,7.5,chinese,True,reviewed_evidence_bound_to_exact_sgf,explicit_event_rule_sgf_komi_event_identity,False,False,,7.5,,7.5,27届三国赤壁古战场杯围甲15轮苏泊尔杭州-山西元工弘弈2台；2026-01-25，黑唐韦星，白丁浩。绑定原始SGF SHA256 d3dd32ba6d1af567c973714d19e4c5cd4cbeaf242228d9348b5ac75ea990e6d5；home/prod原始SGF与赛事、日期、棋手一致。证明范围/局限见reference_evidence、proof_class、source_binding。,{},"[""https://m.bjnews.com.cn/detail/174583306119104.html""]","[{""url"": ""https://m.bjnews.com.cn/detail/174583306119104.html"", ""proof_scope"": ""中国围棋协会2025围甲规程第七条第1项：采用2002中国围棋竞赛规则。"", ""limit"": ""这34局赛事归属依据原始棋谱/数据库身份，未逐局取得主办方原谱；每局7.5为显式KM，不由KM推断规则。""}]","{""method"": ""Exact UTF-8 SGF bytes and event/date/PB/PW compared between user-supplied home and production inventories; raw SGF identity fields also compared"", ""inventory_files"": {""home"": ""/tmp/report-rerun-home-inventory.json"", ""production"": ""/tmp/report-rerun-prod-inventory.json""}, ""inventory_sha256"": {""home"": ""268ebc8c9851dd74916bae4d64d30ff4c13a3bbbf7d842b50ef3c03c37b372b7"", ""production"": ""ac72850b6570f8e9b0d7e92d98b04d0e4941ce37e9c5e7ce2d67eeaa47a2bd65""}, ""checked_at"": ""2026-10-06T18:08:44.716508+00:00"", ""home_prod_identity_match"": true, ""sgf_identity_match"": true, ""official_game_identity_match"": false, ""identity_limit"": ""For the 34 Chinese-league records, edition/round/date and SGF/inventory identities are matched; no claim of 34 separately obtained organizer original SGFs or per-move official comparison.""}",null,"{""revision"": ""23710048f2ef97b4a0d0088750f9980b53cef216"", ""result"": ""accepted"", ""checked_at"": ""2026-10-06T18:08:44.716508+00:00""}",2026-10-06T18:08:44.716508+00:00
24139,443655b07c8234500f742437a9c596c0596e7dd8da8c2c86f5a5b730c7be1fc9,chinese,7.5,chinese,True,reviewed_evidence_bound_to_exact_sgf,explicit_event_rule_sgf_komi_event_identity,False,False,,7.5,,7.5,27届三国赤壁古战场杯围甲15/15轮成都-山东丰银1台；2026-01-25，黑屠晓宇，白范廷钰。绑定原始SGF SHA256 443655b07c8234500f742437a9c596c0596e7dd8da8c2c86f5a5b730c7be1fc9；home/prod原始SGF与赛事、日期、棋手一致。证明范围/局限见reference_evidence、proof_class、source_binding。,{},"[""https://m.bjnews.com.cn/detail/174583306119104.html""]","[{""url"": ""https://m.bjnews.com.cn/detail/174583306119104.html"", ""proof_scope"": ""中国围棋协会2025围甲规程第七条第1项：采用2002中国围棋竞赛规则。"", ""limit"": ""这34局赛事归属依据原始棋谱/数据库身份，未逐局取得主办方原谱；每局7.5为显式KM，不由KM推断规则。""}]","{""method"": ""Exact UTF-8 SGF bytes and event/date/PB/PW compared between user-supplied home and production inventories; raw SGF identity fields also compared"", ""inventory_files"": {""home"": ""/tmp/report-rerun-home-inventory.json"", ""production"": ""/tmp/report-rerun-prod-inventory.json""}, ""inventory_sha256"": {""home"": ""268ebc8c9851dd74916bae4d64d30ff4c13a3bbbf7d842b50ef3c03c37b372b7"", ""production"": ""ac72850b6570f8e9b0d7e92d98b04d0e4941ce37e9c5e7ce2d67eeaa47a2bd65""}, ""checked_at"": ""2026-10-06T18:08:44.716508+00:00"", ""home_prod_identity_match"": true, ""sgf_identity_match"": true, ""official_game_identity_match"": false, ""identity_limit"": ""For the 34 Chinese-league records, edition/round/date and SGF/inventory identities are matched; no claim of 34 separately obtained organizer original SGFs or per-move official comparison.""}",null,"{""revision"": ""23710048f2ef97b4a0d0088750f9980b53cef216"", ""result"": ""accepted"", ""checked_at"": ""2026-10-06T18:08:44.716508+00:00""}",2026-10-06T18:08:44.716508+00:00
24140,52c1d8d6c426c66e09010bbc81c2b0d6fe0169415e76d8ae7fecb18712f703f6,chinese,7.5,chinese,True,reviewed_evidence_bound_to_exact_sgf,explicit_event_rule_sgf_komi_event_identity,False,False,,7.5,,7.5,27届三国赤壁古战场杯围甲15轮深圳聂道厚势-贵州仁怀酱香3；2026-01-25，黑杨楷文，白江维杰。绑定原始SGF SHA256 52c1d8d6c426c66e09010bbc81c2b0d6fe0169415e76d8ae7fecb18712f703f6；home/prod原始SGF与赛事、日期、棋手一致。证明范围/局限见reference_evidence、proof_class、source_binding。,{},"[""https://m.bjnews.com.cn/detail/174583306119104.html""]","[{""url"": ""https://m.bjnews.com.cn/detail/174583306119104.html"", ""proof_scope"": ""中国围棋协会2025围甲规程第七条第1项：采用2002中国围棋竞赛规则。"", ""limit"": ""这34局赛事归属依据原始棋谱/数据库身份，未逐局取得主办方原谱；每局7.5为显式KM，不由KM推断规则。""}]","{""method"": ""Exact UTF-8 SGF bytes and event/date/PB/PW compared between user-supplied home and production inventories; raw SGF identity fields also compared"", ""inventory_files"": {""home"": ""/tmp/report-rerun-home-inventory.json"", ""production"": ""/tmp/report-rerun-prod-inventory.json""}, ""inventory_sha256"": {""home"": ""268ebc8c9851dd74916bae4d64d30ff4c13a3bbbf7d842b50ef3c03c37b372b7"", ""production"": ""ac72850b6570f8e9b0d7e92d98b04d0e4941ce37e9c5e7ce2d67eeaa47a2bd65""}, ""checked_at"": ""2026-10-06T18:08:44.716508+00:00"", ""home_prod_identity_match"": true, ""sgf_identity_match"": true, ""official_game_identity_match"": false, ""identity_limit"": ""For the 34 Chinese-league records, edition/round/date and SGF/inventory identities are matched; no claim of 34 separately obtained organizer original SGFs or per-move official comparison.""}",null,"{""revision"": ""23710048f2ef97b4a0d0088750f9980b53cef216"", ""result"": ""accepted"", ""checked_at"": ""2026-10-06T18:08:44.716508+00:00""}",2026-10-06T18:08:44.716508+00:00
24141,41dd7b478307a6b2561f5abd83bea5151c21276a49c8125791b30b5862467810,chinese,7.5,chinese,True,reviewed_evidence_bound_to_exact_sgf,explicit_event_rule_sgf_komi_event_identity,False,False,,7.5,,7.5,27届三国赤壁古战场杯围甲15轮江苏洋河股份-浙江浙商证券4；2026-01-25，黑童梦成，白陈贤。绑定原始SGF SHA256 41dd7b478307a6b2561f5abd83bea5151c21276a49c8125791b30b5862467810；home/prod原始SGF与赛事、日期、棋手一致。证明范围/局限见reference_evidence、proof_class、source_binding。,{},"[""https://m.bjnews.com.cn/detail/174583306119104.html""]","[{""url"": ""https://m.bjnews.com.cn/detail/174583306119104.html"", ""proof_scope"": ""中国围棋协会2025围甲规程第七条第1项：采用2002中国围棋竞赛规则。"", ""limit"": ""这34局赛事归属依据原始棋谱/数据库身份，未逐局取得主办方原谱；每局7.5为显式KM，不由KM推断规则。""}]","{""method"": ""Exact UTF-8 SGF bytes and event/date/PB/PW compared between user-supplied home and production inventories; raw SGF identity fields also compared"", ""inventory_files"": {""home"": ""/tmp/report-rerun-home-inventory.json"", ""production"": ""/tmp/report-rerun-prod-inventory.json""}, ""inventory_sha256"": {""home"": ""268ebc8c9851dd74916bae4d64d30ff4c13a3bbbf7d842b50ef3c03c37b372b7"", ""production"": ""ac72850b6570f8e9b0d7e92d98b04d0e4941ce37e9c5e7ce2d67eeaa47a2bd65""}, ""checked_at"": ""2026-10-06T18:08:44.716508+00:00"", ""home_prod_identity_match"": true, ""sgf_identity_match"": true, ""official_game_identity_match"": false, ""identity_limit"": ""For the 34 Chinese-league records, edition/round/date and SGF/inventory identities are matched; no claim of 34 separately obtained organizer original SGFs or per-move official comparison.""}",null,"{""revision"": ""23710048f2ef97b4a0d0088750f9980b53cef216"", ""result"": ""accepted"", ""checked_at"": ""2026-10-06T18:08:44.716508+00:00""}",2026-10-06T18:08:44.716508+00:00
24142,dfdd1204043ae1939e03309e4c0eb794a5b93ae237d767f2b2ffdd2d86de54a8,chinese,7.5,chinese,True,reviewed_evidence_bound_to_exact_sgf,explicit_event_rule_sgf_komi_event_identity,False,False,,7.5,,7.5,27届三国赤壁古战场杯围甲15轮深圳龙华-上海聚申体育1台；2026-01-25，黑陶欣然，白王星昊。绑定原始SGF SHA256 dfdd1204043ae1939e03309e4c0eb794a5b93ae237d767f2b2ffdd2d86de54a8；home/prod原始SGF与赛事、日期、棋手一致。证明范围/局限见reference_evidence、proof_class、source_binding。,{},"[""https://m.bjnews.com.cn/detail/174583306119104.html""]","[{""url"": ""https://m.bjnews.com.cn/detail/174583306119104.html"", ""proof_scope"": ""中国围棋协会2025围甲规程第七条第1项：采用2002中国围棋竞赛规则。"", ""limit"": ""这34局赛事归属依据原始棋谱/数据库身份，未逐局取得主办方原谱；每局7.5为显式KM，不由KM推断规则。""}]","{""method"": ""Exact UTF-8 SGF bytes and event/date/PB/PW compared between user-supplied home and production inventories; raw SGF identity fields also compared"", ""inventory_files"": {""home"": ""/tmp/report-rerun-home-inventory.json"", ""production"": ""/tmp/report-rerun-prod-inventory.json""}, ""inventory_sha256"": {""home"": ""268ebc8c9851dd74916bae4d64d30ff4c13a3bbbf7d842b50ef3c03c37b372b7"", ""production"": ""ac72850b6570f8e9b0d7e92d98b04d0e4941ce37e9c5e7ce2d67eeaa47a2bd65""}, ""checked_at"": ""2026-10-06T18:08:44.716508+00:00"", ""home_prod_identity_match"": true, ""sgf_identity_match"": true, ""official_game_identity_match"": false, ""identity_limit"": ""For the 34 Chinese-league records, edition/round/date and SGF/inventory identities are matched; no claim of 34 separately obtained organizer original SGFs or per-move official comparison.""}",null,"{""revision"": ""23710048f2ef97b4a0d0088750f9980b53cef216"", ""result"": ""accepted"", ""checked_at"": ""2026-10-06T18:08:44.716508+00:00""}",2026-10-06T18:08:44.716508+00:00
24143,e11258cbde419d0f8eaf1073a40c63dbee9d43ea076d3ea5f95f7d44287f9046,chinese,7.5,chinese,True,reviewed_evidence_bound_to_exact_sgf,explicit_event_rule_sgf_komi_event_identity,False,False,,7.5,,7.5,27届三国赤壁古战场杯围甲15轮深圳聂道厚势-贵州仁怀酱香4；2026-01-25，黑陈一纯，白彭立尧。绑定原始SGF SHA256 e11258cbde419d0f8eaf1073a40c63dbee9d43ea076d3ea5f95f7d44287f9046；home/prod原始SGF与赛事、日期、棋手一致。证明范围/局限见reference_evidence、proof_class、source_binding。,{},"[""https://m.bjnews.com.cn/detail/174583306119104.html""]","[{""url"": ""https://m.bjnews.com.cn/detail/174583306119104.html"", ""proof_scope"": ""中国围棋协会2025围甲规程第七条第1项：采用2002中国围棋竞赛规则。"", ""limit"": ""这34局赛事归属依据原始棋谱/数据库身份，未逐局取得主办方原谱；每局7.5为显式KM，不由KM推断规则。""}]","{""method"": ""Exact UTF-8 SGF bytes and event/date/PB/PW compared between user-supplied home and production inventories; raw SGF identity fields also compared"", ""inventory_files"": {""home"": ""/tmp/report-rerun-home-inventory.json"", ""production"": ""/tmp/report-rerun-prod-inventory.json""}, ""inventory_sha256"": {""home"": ""268ebc8c9851dd74916bae4d64d30ff4c13a3bbbf7d842b50ef3c03c37b372b7"", ""production"": ""ac72850b6570f8e9b0d7e92d98b04d0e4941ce37e9c5e7ce2d67eeaa47a2bd65""}, ""checked_at"": ""2026-10-06T18:08:44.716508+00:00"", ""home_prod_identity_match"": true, ""sgf_identity_match"": true, ""official_game_identity_match"": false, ""identity_limit"": ""For the 34 Chinese-league records, edition/round/date and SGF/inventory identities are matched; no claim of 34 separately obtained organizer original SGFs or per-move official comparison.""}",null,"{""revision"": ""23710048f2ef97b4a0d0088750f9980b53cef216"", ""result"": ""accepted"", ""checked_at"": ""2026-10-06T18:08:44.716508+00:00""}",2026-10-06T18:08:44.716508+00:00
24144,dfd1ba12fbd7a006133efea5d3fa864d974036ed16e7b1ebaab7b2139dcd9e66,chinese,7.5,chinese,True,reviewed_evidence_bound_to_exact_sgf,explicit_event_rule_sgf_komi_event_identity,False,False,,7.5,,7.5,27届三国赤壁古战场杯围甲15轮苏泊尔杭州-山西元工弘弈3台；2026-01-25，黑韩墨阳，白吕立言。绑定原始SGF SHA256 dfd1ba12fbd7a006133efea5d3fa864d974036ed16e7b1ebaab7b2139dcd9e66；home/prod原始SGF与赛事、日期、棋手一致。证明范围/局限见reference_evidence、proof_class、source_binding。,{},"[""https://m.bjnews.com.cn/detail/174583306119104.html""]","[{""url"": ""https://m.bjnews.com.cn/detail/174583306119104.html"", ""proof_scope"": ""中国围棋协会2025围甲规程第七条第1项：采用2002中国围棋竞赛规则。"", ""limit"": ""这34局赛事归属依据原始棋谱/数据库身份，未逐局取得主办方原谱；每局7.5为显式KM，不由KM推断规则。""}]","{""method"": ""Exact UTF-8 SGF bytes and event/date/PB/PW compared between user-supplied home and production inventories; raw SGF identity fields also compared"", ""inventory_files"": {""home"": ""/tmp/report-rerun-home-inventory.json"", ""production"": ""/tmp/report-rerun-prod-inventory.json""}, ""inventory_sha256"": {""home"": ""268ebc8c9851dd74916bae4d64d30ff4c13a3bbbf7d842b50ef3c03c37b372b7"", ""production"": ""ac72850b6570f8e9b0d7e92d98b04d0e4941ce37e9c5e7ce2d67eeaa47a2bd65""}, ""checked_at"": ""2026-10-06T18:08:44.716508+00:00"", ""home_prod_identity_match"": true, ""sgf_identity_match"": true, ""official_game_identity_match"": false, ""identity_limit"": ""For the 34 Chinese-league records, edition/round/date and SGF/inventory identities are matched; no claim of 34 separately obtained organizer original SGFs or per-move official comparison.""}",null,"{""revision"": ""23710048f2ef97b4a0d0088750f9980b53cef216"", ""result"": ""accepted"", ""checked_at"": ""2026-10-06T18:08:44.716508+00:00""}",2026-10-06T18:08:44.716508+00:00
24145,04afe80e06f9cf06ecca44c6f4faedf46f7db5b458114a4be0e47b37646854c5,chinese,7.5,chinese,True,reviewed_evidence_bound_to_exact_sgf,explicit_event_rule_sgf_komi_event_identity,False,False,,7.5,,7.5,27届三国赤壁古战场杯围甲15轮苏泊尔杭州-山西元工弘弈1台；2026-01-25，黑谢科，白王世一。绑定原始SGF SHA256 04afe80e06f9cf06ecca44c6f4faedf46f7db5b458114a4be0e47b37646854c5；home/prod原始SGF与赛事、日期、棋手一致。证明范围/局限见reference_evidence、proof_class、source_binding。,{},"[""https://m.bjnews.com.cn/detail/174583306119104.html""]","[{""url"": ""https://m.bjnews.com.cn/detail/174583306119104.html"", ""proof_scope"": ""中国围棋协会2025围甲规程第七条第1项：采用2002中国围棋竞赛规则。"", ""limit"": ""这34局赛事归属依据原始棋谱/数据库身份，未逐局取得主办方原谱；每局7.5为显式KM，不由KM推断规则。""}]","{""method"": ""Exact UTF-8 SGF bytes and event/date/PB/PW compared between user-supplied home and production inventories; raw SGF identity fields also compared"", ""inventory_files"": {""home"": ""/tmp/report-rerun-home-inventory.json"", ""production"": ""/tmp/report-rerun-prod-inventory.json""}, ""inventory_sha256"": {""home"": ""268ebc8c9851dd74916bae4d64d30ff4c13a3bbbf7d842b50ef3c03c37b372b7"", ""production"": ""ac72850b6570f8e9b0d7e92d98b04d0e4941ce37e9c5e7ce2d67eeaa47a2bd65""}, ""checked_at"": ""2026-10-06T18:08:44.716508+00:00"", ""home_prod_identity_match"": true, ""sgf_identity_match"": true, ""official_game_identity_match"": false, ""identity_limit"": ""For the 34 Chinese-league records, edition/round/date and SGF/inventory identities are matched; no claim of 34 separately obtained organizer original SGFs or per-move official comparison.""}",null,"{""revision"": ""23710048f2ef97b4a0d0088750f9980b53cef216"", ""result"": ""accepted"", ""checked_at"": ""2026-10-06T18:08:44.716508+00:00""}",2026-10-06T18:08:44.716508+00:00
24146,f672795e63a69de94b161e160de0dec3681edf9bef1b7737fa8adbdafb26dc4d,chinese,7.5,chinese,True,reviewed_evidence_bound_to_exact_sgf,explicit_event_rule_sgf_komi_event_identity,False,False,,7.5,,7.5,27届三国赤壁古战场杯围甲15轮福建刺桐棋院-河南丰博1台；2026-01-25，黑郑载想，白王泽锦。绑定原始SGF SHA256 f672795e63a69de94b161e160de0dec3681edf9bef1b7737fa8adbdafb26dc4d；home/prod原始SGF与赛事、日期、棋手一致。证明范围/局限见reference_evidence、proof_class、source_binding。,{},"[""https://m.bjnews.com.cn/detail/174583306119104.html""]","[{""url"": ""https://m.bjnews.com.cn/detail/174583306119104.html"", ""proof_scope"": ""中国围棋协会2025围甲规程第七条第1项：采用2002中国围棋竞赛规则。"", ""limit"": ""这34局赛事归属依据原始棋谱/数据库身份，未逐局取得主办方原谱；每局7.5为显式KM，不由KM推断规则。""}]","{""method"": ""Exact UTF-8 SGF bytes and event/date/PB/PW compared between user-supplied home and production inventories; raw SGF identity fields also compared"", ""inventory_files"": {""home"": ""/tmp/report-rerun-home-inventory.json"", ""production"": ""/tmp/report-rerun-prod-inventory.json""}, ""inventory_sha256"": {""home"": ""268ebc8c9851dd74916bae4d64d30ff4c13a3bbbf7d842b50ef3c03c37b372b7"", ""production"": ""ac72850b6570f8e9b0d7e92d98b04d0e4941ce37e9c5e7ce2d67eeaa47a2bd65""}, ""checked_at"": ""2026-10-06T18:08:44.716508+00:00"", ""home_prod_identity_match"": true, ""sgf_identity_match"": true, ""official_game_identity_match"": false, ""identity_limit"": ""For the 34 Chinese-league records, edition/round/date and SGF/inventory identities are matched; no claim of 34 separately obtained organizer original SGFs or per-move official comparison.""}",null,"{""revision"": ""23710048f2ef97b4a0d0088750f9980b53cef216"", ""result"": ""accepted"", ""checked_at"": ""2026-10-06T18:08:44.716508+00:00""}",2026-10-06T18:08:44.716508+00:00
24147,15502cb39618630c499c2a9c7729fc64c62dcde3861b22f98c4293769c50f75e,chinese,7.5,chinese,True,reviewed_evidence_bound_to_exact_sgf,explicit_event_rule_sgf_komi_event_identity,False,False,,7.5,,7.5,27届三国赤壁古战场杯围甲15轮江苏洋河股份-浙江浙商证券2；2026-01-25，黑许嘉阳，白赵晨宇。绑定原始SGF SHA256 15502cb39618630c499c2a9c7729fc64c62dcde3861b22f98c4293769c50f75e；home/prod原始SGF与赛事、日期、棋手一致。证明范围/局限见reference_evidence、proof_class、source_binding。,{},"[""https://m.bjnews.com.cn/detail/174583306119104.html""]","[{""url"": ""https://m.bjnews.com.cn/detail/174583306119104.html"", ""proof_scope"": ""中国围棋协会2025围甲规程第七条第1项：采用2002中国围棋竞赛规则。"", ""limit"": ""这34局赛事归属依据原始棋谱/数据库身份，未逐局取得主办方原谱；每局7.5为显式KM，不由KM推断规则。""}]","{""method"": ""Exact UTF-8 SGF bytes and event/date/PB/PW compared between user-supplied home and production inventories; raw SGF identity fields also compared"", ""inventory_files"": {""home"": ""/tmp/report-rerun-home-inventory.json"", ""production"": ""/tmp/report-rerun-prod-inventory.json""}, ""inventory_sha256"": {""home"": ""268ebc8c9851dd74916bae4d64d30ff4c13a3bbbf7d842b50ef3c03c37b372b7"", ""production"": ""ac72850b6570f8e9b0d7e92d98b04d0e4941ce37e9c5e7ce2d67eeaa47a2bd65""}, ""checked_at"": ""2026-10-06T18:08:44.716508+00:00"", ""home_prod_identity_match"": true, ""sgf_identity_match"": true, ""official_game_identity_match"": false, ""identity_limit"": ""For the 34 Chinese-league records, edition/round/date and SGF/inventory identities are matched; no claim of 34 separately obtained organizer original SGFs or per-move official comparison.""}",null,"{""revision"": ""23710048f2ef97b4a0d0088750f9980b53cef216"", ""result"": ""accepted"", ""checked_at"": ""2026-10-06T18:08:44.716508+00:00""}",2026-10-06T18:08:44.716508+00:00
24151,605f7cc2986ad46e0ec6ee6740473007067081ec1dbe00f6c3ea332303f5cfe8,japanese,6.5,korean,True,reviewed_evidence_bound_to_exact_sgf,official_game_and_explicit_season_regulation,False,False,japanese,6.5,japanese,6.5,2025-2026年度韩国围甲联赛第12轮；2026-01-24，黑罗玄，白朴廷桓。绑定原始SGF SHA256 605f7cc2986ad46e0ec6ee6740473007067081ec1dbe00f6c3ea332303f5cfe8；home/prod原始SGF与赛事、日期、棋手一致。证明范围/局限见reference_evidence、proof_class、source_binding。,{},"[""https://www.baduk.or.kr/news/summary_view.asp?news_div=KBL&news_no=849"", ""https://m.baduk.or.kr/news/B01_view.asp?news_no=5769"", ""https://www.baduk.or.kr/FileUpDown/homepage/notice/%EB%B0%94%EB%91%91%20%EA%B2%BD%EA%B8%B0%20%EA%B7%9C%EC%A0%95(250701).pdf""]","[{""url"": ""https://www.baduk.or.kr/news/summary_view.asp?news_div=KBL&news_no=849"", ""proof_scope"": ""2026-01-24第12轮第3场罗玄–朴廷桓、李元荣–金庭贤、权孝珍–金恩持、姜知勋–金升宰。"", ""limit"": ""对应24151–24154；证明对局身份，规则/贴目来自赛季适用规程。""}, {""url"": ""https://m.baduk.or.kr/news/B01_view.asp?news_no=5769"", ""proof_scope"": ""韩国棋院2025–2026 KB联赛官方规则说明明确引用2025年7月1日修订规程。"", ""limit"": ""发布于2026-04-01，对应同一赛季；1月对局身份另用第12轮赛果核对。""}, {""url"": ""https://www.baduk.or.kr/FileUpDown/homepage/notice/%EB%B0%94%EB%91%91%20%EA%B2%BD%EA%B8%B0%20%EA%B7%9C%EC%A0%95(250701).pdf"", ""proof_scope"": ""2025-07-01生效韩国棋院竞赛规程：第9条第3款黑贴6目半；附则第2条适用韩国围棋规则。"", ""limit"": ""专门赛事规则优先；2026-07-01延迟生效只涉及第17条第8项。必须另核赛事适用性。""}]","{""method"": ""Exact UTF-8 SGF bytes and event/date/PB/PW compared between user-supplied home and production inventories; raw SGF identity fields also compared"", ""inventory_files"": {""home"": ""/tmp/report-rerun-home-inventory.json"", ""production"": ""/tmp/report-rerun-prod-inventory.json""}, ""inventory_sha256"": {""home"": ""268ebc8c9851dd74916bae4d64d30ff4c13a3bbbf7d842b50ef3c03c37b372b7"", ""production"": ""ac72850b6570f8e9b0d7e92d98b04d0e4941ce37e9c5e7ce2d67eeaa47a2bd65""}, ""checked_at"": ""2026-10-06T18:08:44.716508+00:00"", ""home_prod_identity_match"": true, ""sgf_identity_match"": true, ""official_game_identity_match"": true, ""identity_limit"": ""Official event result identifies players/date; no claim of full move-by-move comparison with an organizer SGF.""}","{""preserved_sgf_name"": ""japanese"", ""event_rules_name"": ""korean"", ""same_effective_preset"": true, ""engine_commit"": ""fd0723fdbc"", ""reference_url"": ""https://github.com/lightvector/KataGo/blob/fd0723fdbc/cpp/game/rules.cpp"", ""reason"": ""The actual pinned engine handles japanese and korean in the same preset branch. Preserve the explicit SGF preset; record Korean event semantics separately. This is not an analysis-parameter error and does not imply changed numerical results.""}","{""revision"": ""23710048f2ef97b4a0d0088750f9980b53cef216"", ""result"": ""accepted"", ""checked_at"": ""2026-10-06T18:08:44.716508+00:00""}",2026-10-06T18:08:44.716508+00:00
24152,fa3208e05a1e2bf125eb268a309b1d49d8aeac9e266cd8fbb60f6093069638d2,japanese,6.5,korean,True,reviewed_evidence_bound_to_exact_sgf,official_game_and_explicit_season_regulation,False,False,japanese,6.5,japanese,6.5,2025-2026年度韩国围甲联赛第12轮；2026-01-24，黑李元荣，白金庭贤。绑定原始SGF SHA256 fa3208e05a1e2bf125eb268a309b1d49d8aeac9e266cd8fbb60f6093069638d2；home/prod原始SGF与赛事、日期、棋手一致。证明范围/局限见reference_evidence、proof_class、source_binding。,{},"[""https://www.baduk.or.kr/news/summary_view.asp?news_div=KBL&news_no=849"", ""https://m.baduk.or.kr/news/B01_view.asp?news_no=5769"", ""https://www.baduk.or.kr/FileUpDown/homepage/notice/%EB%B0%94%EB%91%91%20%EA%B2%BD%EA%B8%B0%20%EA%B7%9C%EC%A0%95(250701).pdf""]","[{""url"": ""https://www.baduk.or.kr/news/summary_view.asp?news_div=KBL&news_no=849"", ""proof_scope"": ""2026-01-24第12轮第3场罗玄–朴廷桓、李元荣–金庭贤、权孝珍–金恩持、姜知勋–金升宰。"", ""limit"": ""对应24151–24154；证明对局身份，规则/贴目来自赛季适用规程。""}, {""url"": ""https://m.baduk.or.kr/news/B01_view.asp?news_no=5769"", ""proof_scope"": ""韩国棋院2025–2026 KB联赛官方规则说明明确引用2025年7月1日修订规程。"", ""limit"": ""发布于2026-04-01，对应同一赛季；1月对局身份另用第12轮赛果核对。""}, {""url"": ""https://www.baduk.or.kr/FileUpDown/homepage/notice/%EB%B0%94%EB%91%91%20%EA%B2%BD%EA%B8%B0%20%EA%B7%9C%EC%A0%95(250701).pdf"", ""proof_scope"": ""2025-07-01生效韩国棋院竞赛规程：第9条第3款黑贴6目半；附则第2条适用韩国围棋规则。"", ""limit"": ""专门赛事规则优先；2026-07-01延迟生效只涉及第17条第8项。必须另核赛事适用性。""}]","{""method"": ""Exact UTF-8 SGF bytes and event/date/PB/PW compared between user-supplied home and production inventories; raw SGF identity fields also compared"", ""inventory_files"": {""home"": ""/tmp/report-rerun-home-inventory.json"", ""production"": ""/tmp/report-rerun-prod-inventory.json""}, ""inventory_sha256"": {""home"": ""268ebc8c9851dd74916bae4d64d30ff4c13a3bbbf7d842b50ef3c03c37b372b7"", ""production"": ""ac72850b6570f8e9b0d7e92d98b04d0e4941ce37e9c5e7ce2d67eeaa47a2bd65""}, ""checked_at"": ""2026-10-06T18:08:44.716508+00:00"", ""home_prod_identity_match"": true, ""sgf_identity_match"": true, ""official_game_identity_match"": true, ""identity_limit"": ""Official event result identifies players/date; no claim of full move-by-move comparison with an organizer SGF.""}","{""preserved_sgf_name"": ""japanese"", ""event_rules_name"": ""korean"", ""same_effective_preset"": true, ""engine_commit"": ""fd0723fdbc"", ""reference_url"": ""https://github.com/lightvector/KataGo/blob/fd0723fdbc/cpp/game/rules.cpp"", ""reason"": ""The actual pinned engine handles japanese and korean in the same preset branch. Preserve the explicit SGF preset; record Korean event semantics separately. This is not an analysis-parameter error and does not imply changed numerical results.""}","{""revision"": ""23710048f2ef97b4a0d0088750f9980b53cef216"", ""result"": ""accepted"", ""checked_at"": ""2026-10-06T18:08:44.716508+00:00""}",2026-10-06T18:08:44.716508+00:00
24153,93d9c4999c36b58784099b1df2c6b38d54e572855a693cc533f2782dd7331859,japanese,6.5,korean,True,reviewed_evidence_bound_to_exact_sgf,official_game_and_explicit_season_regulation,False,False,japanese,6.5,japanese,6.5,2025-2026年度韩国围甲联赛第12轮；2026-01-24，黑权孝珍（男），白金恩持。绑定原始SGF SHA256 93d9c4999c36b58784099b1df2c6b38d54e572855a693cc533f2782dd7331859；home/prod原始SGF与赛事、日期、棋手一致。证明范围/局限见reference_evidence、proof_class、source_binding。,{},"[""https://www.baduk.or.kr/news/summary_view.asp?news_div=KBL&news_no=849"", ""https://m.baduk.or.kr/news/B01_view.asp?news_no=5769"", ""https://www.baduk.or.kr/FileUpDown/homepage/notice/%EB%B0%94%EB%91%91%20%EA%B2%BD%EA%B8%B0%20%EA%B7%9C%EC%A0%95(250701).pdf""]","[{""url"": ""https://www.baduk.or.kr/news/summary_view.asp?news_div=KBL&news_no=849"", ""proof_scope"": ""2026-01-24第12轮第3场罗玄–朴廷桓、李元荣–金庭贤、权孝珍–金恩持、姜知勋–金升宰。"", ""limit"": ""对应24151–24154；证明对局身份，规则/贴目来自赛季适用规程。""}, {""url"": ""https://m.baduk.or.kr/news/B01_view.asp?news_no=5769"", ""proof_scope"": ""韩国棋院2025–2026 KB联赛官方规则说明明确引用2025年7月1日修订规程。"", ""limit"": ""发布于2026-04-01，对应同一赛季；1月对局身份另用第12轮赛果核对。""}, {""url"": ""https://www.baduk.or.kr/FileUpDown/homepage/notice/%EB%B0%94%EB%91%91%20%EA%B2%BD%EA%B8%B0%20%EA%B7%9C%EC%A0%95(250701).pdf"", ""proof_scope"": ""2025-07-01生效韩国棋院竞赛规程：第9条第3款黑贴6目半；附则第2条适用韩国围棋规则。"", ""limit"": ""专门赛事规则优先；2026-07-01延迟生效只涉及第17条第8项。必须另核赛事适用性。""}]","{""method"": ""Exact UTF-8 SGF bytes and event/date/PB/PW compared between user-supplied home and production inventories; raw SGF identity fields also compared"", ""inventory_files"": {""home"": ""/tmp/report-rerun-home-inventory.json"", ""production"": ""/tmp/report-rerun-prod-inventory.json""}, ""inventory_sha256"": {""home"": ""268ebc8c9851dd74916bae4d64d30ff4c13a3bbbf7d842b50ef3c03c37b372b7"", ""production"": ""ac72850b6570f8e9b0d7e92d98b04d0e4941ce37e9c5e7ce2d67eeaa47a2bd65""}, ""checked_at"": ""2026-10-06T18:08:44.716508+00:00"", ""home_prod_identity_match"": true, ""sgf_identity_match"": true, ""official_game_identity_match"": true, ""identity_limit"": ""Official event result identifies players/date; no claim of full move-by-move comparison with an organizer SGF.""}","{""preserved_sgf_name"": ""japanese"", ""event_rules_name"": ""korean"", ""same_effective_preset"": true, ""engine_commit"": ""fd0723fdbc"", ""reference_url"": ""https://github.com/lightvector/KataGo/blob/fd0723fdbc/cpp/game/rules.cpp"", ""reason"": ""The actual pinned engine handles japanese and korean in the same preset branch. Preserve the explicit SGF preset; record Korean event semantics separately. This is not an analysis-parameter error and does not imply changed numerical results.""}","{""revision"": ""23710048f2ef97b4a0d0088750f9980b53cef216"", ""result"": ""accepted"", ""checked_at"": ""2026-10-06T18:08:44.716508+00:00""}",2026-10-06T18:08:44.716508+00:00
24154,c574e510e6977b58156fd2092160629cf1559d58e05bc4161876ea7497c3f1dc,japanese,6.5,korean,True,reviewed_evidence_bound_to_exact_sgf,official_game_and_explicit_season_regulation,False,False,japanese,6.5,japanese,6.5,2025-2026年度韩国围甲联赛第12轮；2026-01-24，黑姜知勋，白金升宰。绑定原始SGF SHA256 c574e510e6977b58156fd2092160629cf1559d58e05bc4161876ea7497c3f1dc；home/prod原始SGF与赛事、日期、棋手一致。证明范围/局限见reference_evidence、proof_class、source_binding。,{},"[""https://www.baduk.or.kr/news/summary_view.asp?news_div=KBL&news_no=849"", ""https://m.baduk.or.kr/news/B01_view.asp?news_no=5769"", ""https://www.baduk.or.kr/FileUpDown/homepage/notice/%EB%B0%94%EB%91%91%20%EA%B2%BD%EA%B8%B0%20%EA%B7%9C%EC%A0%95(250701).pdf""]","[{""url"": ""https://www.baduk.or.kr/news/summary_view.asp?news_div=KBL&news_no=849"", ""proof_scope"": ""2026-01-24第12轮第3场罗玄–朴廷桓、李元荣–金庭贤、权孝珍–金恩持、姜知勋–金升宰。"", ""limit"": ""对应24151–24154；证明对局身份，规则/贴目来自赛季适用规程。""}, {""url"": ""https://m.baduk.or.kr/news/B01_view.asp?news_no=5769"", ""proof_scope"": ""韩国棋院2025–2026 KB联赛官方规则说明明确引用2025年7月1日修订规程。"", ""limit"": ""发布于2026-04-01，对应同一赛季；1月对局身份另用第12轮赛果核对。""}, {""url"": ""https://www.baduk.or.kr/FileUpDown/homepage/notice/%EB%B0%94%EB%91%91%20%EA%B2%BD%EA%B8%B0%20%EA%B7%9C%EC%A0%95(250701).pdf"", ""proof_scope"": ""2025-07-01生效韩国棋院竞赛规程：第9条第3款黑贴6目半；附则第2条适用韩国围棋规则。"", ""limit"": ""专门赛事规则优先；2026-07-01延迟生效只涉及第17条第8项。必须另核赛事适用性。""}]","{""method"": ""Exact UTF-8 SGF bytes and event/date/PB/PW compared between user-supplied home and production inventories; raw SGF identity fields also compared"", ""inventory_files"": {""home"": ""/tmp/report-rerun-home-inventory.json"", ""production"": ""/tmp/report-rerun-prod-inventory.json""}, ""inventory_sha256"": {""home"": ""268ebc8c9851dd74916bae4d64d30ff4c13a3bbbf7d842b50ef3c03c37b372b7"", ""production"": ""ac72850b6570f8e9b0d7e92d98b04d0e4941ce37e9c5e7ce2d67eeaa47a2bd65""}, ""checked_at"": ""2026-10-06T18:08:44.716508+00:00"", ""home_prod_identity_match"": true, ""sgf_identity_match"": true, ""official_game_identity_match"": true, ""identity_limit"": ""Official event result identifies players/date; no claim of full move-by-move comparison with an organizer SGF.""}","{""preserved_sgf_name"": ""japanese"", ""event_rules_name"": ""korean"", ""same_effective_preset"": true, ""engine_commit"": ""fd0723fdbc"", ""reference_url"": ""https://github.com/lightvector/KataGo/blob/fd0723fdbc/cpp/game/rules.cpp"", ""reason"": ""The actual pinned engine handles japanese and korean in the same preset branch. Preserve the explicit SGF preset; record Korean event semantics separately. This is not an analysis-parameter error and does not imply changed numerical results.""}","{""revision"": ""23710048f2ef97b4a0d0088750f9980b53cef216"", ""result"": ""accepted"", ""checked_at"": ""2026-10-06T18:08:44.716508+00:00""}",2026-10-06T18:08:44.716508+00:00
24155,8f1b360ef9351c9eaf7679617f1c8d5629591bc72d68343cd44c3d33b1242f30,chinese,7.5,chinese,True,reviewed_evidence_bound_to_exact_sgf,explicit_event_rule_sgf_komi_event_identity,False,False,chinese,7.5,chinese,7.5,第27届三国赤壁古战场杯中国围棋甲级联赛第15轮；2026-01-25，黑童梦成，白陈贤。绑定原始SGF SHA256 8f1b360ef9351c9eaf7679617f1c8d5629591bc72d68343cd44c3d33b1242f30；home/prod原始SGF与赛事、日期、棋手一致。证明范围/局限见reference_evidence、proof_class、source_binding。,{},"[""https://m.bjnews.com.cn/detail/174583306119104.html""]","[{""url"": ""https://m.bjnews.com.cn/detail/174583306119104.html"", ""proof_scope"": ""中国围棋协会2025围甲规程第七条第1项：采用2002中国围棋竞赛规则。"", ""limit"": ""这34局赛事归属依据原始棋谱/数据库身份，未逐局取得主办方原谱；每局7.5为显式KM，不由KM推断规则。""}]","{""method"": ""Exact UTF-8 SGF bytes and event/date/PB/PW compared between user-supplied home and production inventories; raw SGF identity fields also compared"", ""inventory_files"": {""home"": ""/tmp/report-rerun-home-inventory.json"", ""production"": ""/tmp/report-rerun-prod-inventory.json""}, ""inventory_sha256"": {""home"": ""268ebc8c9851dd74916bae4d64d30ff4c13a3bbbf7d842b50ef3c03c37b372b7"", ""production"": ""ac72850b6570f8e9b0d7e92d98b04d0e4941ce37e9c5e7ce2d67eeaa47a2bd65""}, ""checked_at"": ""2026-10-06T18:08:44.716508+00:00"", ""home_prod_identity_match"": true, ""sgf_identity_match"": true, ""official_game_identity_match"": false, ""identity_limit"": ""For the 34 Chinese-league records, edition/round/date and SGF/inventory identities are matched; no claim of 34 separately obtained organizer original SGFs or per-move official comparison.""}",null,"{""revision"": ""23710048f2ef97b4a0d0088750f9980b53cef216"", ""result"": ""accepted"", ""checked_at"": ""2026-10-06T18:08:44.716508+00:00""}",2026-10-06T18:08:44.716508+00:00
24156,da0a3760a6a6fc21b688e23ed56302b768b4ea0445cab811263f1c3c1424fe48,japanese,6.5,korean,True,reviewed_evidence_bound_to_exact_sgf,official_game_and_explicit_season_regulation,False,False,japanese,6.5,japanese,6.5,2025-2026年度韩国围甲联赛第12轮；2026-01-25，黑申真谞，白金明训。绑定原始SGF SHA256 da0a3760a6a6fc21b688e23ed56302b768b4ea0445cab811263f1c3c1424fe48；home/prod原始SGF与赛事、日期、棋手一致。证明范围/局限见reference_evidence、proof_class、source_binding。,{},"[""https://www.baduk.or.kr/news/summary_view.asp?news_div=KBL&news_no=850"", ""https://m.baduk.or.kr/news/B01_view.asp?news_no=5769"", ""https://www.baduk.or.kr/FileUpDown/homepage/notice/%EB%B0%94%EB%91%91%20%EA%B2%BD%EA%B8%B0%20%EA%B7%9C%EC%A0%95(250701).pdf""]","[{""url"": ""https://www.baduk.or.kr/news/summary_view.asp?news_div=KBL&news_no=850"", ""proof_scope"": ""2026-01-25第12轮第4场申真谞–金明训、李宰成–朴常镇、崔珉瑞–沈载益、崔光户–朴河旼。"", ""limit"": ""对应24156–24159；末局跨午夜，按该场日期记录。规则/贴目来自赛季规程。""}, {""url"": ""https://m.baduk.or.kr/news/B01_view.asp?news_no=5769"", ""proof_scope"": ""韩国棋院2025–2026 KB联赛官方规则说明明确引用2025年7月1日修订规程。"", ""limit"": ""发布于2026-04-01，对应同一赛季；1月对局身份另用第12轮赛果核对。""}, {""url"": ""https://www.baduk.or.kr/FileUpDown/homepage/notice/%EB%B0%94%EB%91%91%20%EA%B2%BD%EA%B8%B0%20%EA%B7%9C%EC%A0%95(250701).pdf"", ""proof_scope"": ""2025-07-01生效韩国棋院竞赛规程：第9条第3款黑贴6目半；附则第2条适用韩国围棋规则。"", ""limit"": ""专门赛事规则优先；2026-07-01延迟生效只涉及第17条第8项。必须另核赛事适用性。""}]","{""method"": ""Exact UTF-8 SGF bytes and event/date/PB/PW compared between user-supplied home and production inventories; raw SGF identity fields also compared"", ""inventory_files"": {""home"": ""/tmp/report-rerun-home-inventory.json"", ""production"": ""/tmp/report-rerun-prod-inventory.json""}, ""inventory_sha256"": {""home"": ""268ebc8c9851dd74916bae4d64d30ff4c13a3bbbf7d842b50ef3c03c37b372b7"", ""production"": ""ac72850b6570f8e9b0d7e92d98b04d0e4941ce37e9c5e7ce2d67eeaa47a2bd65""}, ""checked_at"": ""2026-10-06T18:08:44.716508+00:00"", ""home_prod_identity_match"": true, ""sgf_identity_match"": true, ""official_game_identity_match"": true, ""identity_limit"": ""Official event result identifies players/date; no claim of full move-by-move comparison with an organizer SGF.""}","{""preserved_sgf_name"": ""japanese"", ""event_rules_name"": ""korean"", ""same_effective_preset"": true, ""engine_commit"": ""fd0723fdbc"", ""reference_url"": ""https://github.com/lightvector/KataGo/blob/fd0723fdbc/cpp/game/rules.cpp"", ""reason"": ""The actual pinned engine handles japanese and korean in the same preset branch. Preserve the explicit SGF preset; record Korean event semantics separately. This is not an analysis-parameter error and does not imply changed numerical results.""}","{""revision"": ""23710048f2ef97b4a0d0088750f9980b53cef216"", ""result"": ""accepted"", ""checked_at"": ""2026-10-06T18:08:44.716508+00:00""}",2026-10-06T18:08:44.716508+00:00
24157,ec151eda8496693695dadc8d222d3f7b3b1f8ca0051651ea428e13f0014308ab,japanese,6.5,korean,True,reviewed_evidence_bound_to_exact_sgf,official_game_and_explicit_season_regulation,False,False,japanese,6.5,japanese,6.5,2025-2026年度韩国围甲联赛第12轮；2026-01-25，黑李宰成，白朴常镇。绑定原始SGF SHA256 ec151eda8496693695dadc8d222d3f7b3b1f8ca0051651ea428e13f0014308ab；home/prod原始SGF与赛事、日期、棋手一致。证明范围/局限见reference_evidence、proof_class、source_binding。,{},"[""https://www.baduk.or.kr/news/summary_view.asp?news_div=KBL&news_no=850"", ""https://m.baduk.or.kr/news/B01_view.asp?news_no=5769"", ""https://www.baduk.or.kr/FileUpDown/homepage/notice/%EB%B0%94%EB%91%91%20%EA%B2%BD%EA%B8%B0%20%EA%B7%9C%EC%A0%95(250701).pdf""]","[{""url"": ""https://www.baduk.or.kr/news/summary_view.asp?news_div=KBL&news_no=850"", ""proof_scope"": ""2026-01-25第12轮第4场申真谞–金明训、李宰成–朴常镇、崔珉瑞–沈载益、崔光户–朴河旼。"", ""limit"": ""对应24156–24159；末局跨午夜，按该场日期记录。规则/贴目来自赛季规程。""}, {""url"": ""https://m.baduk.or.kr/news/B01_view.asp?news_no=5769"", ""proof_scope"": ""韩国棋院2025–2026 KB联赛官方规则说明明确引用2025年7月1日修订规程。"", ""limit"": ""发布于2026-04-01，对应同一赛季；1月对局身份另用第12轮赛果核对。""}, {""url"": ""https://www.baduk.or.kr/FileUpDown/homepage/notice/%EB%B0%94%EB%91%91%20%EA%B2%BD%EA%B8%B0%20%EA%B7%9C%EC%A0%95(250701).pdf"", ""proof_scope"": ""2025-07-01生效韩国棋院竞赛规程：第9条第3款黑贴6目半；附则第2条适用韩国围棋规则。"", ""limit"": ""专门赛事规则优先；2026-07-01延迟生效只涉及第17条第8项。必须另核赛事适用性。""}]","{""method"": ""Exact UTF-8 SGF bytes and event/date/PB/PW compared between user-supplied home and production inventories; raw SGF identity fields also compared"", ""inventory_files"": {""home"": ""/tmp/report-rerun-home-inventory.json"", ""production"": ""/tmp/report-rerun-prod-inventory.json""}, ""inventory_sha256"": {""home"": ""268ebc8c9851dd74916bae4d64d30ff4c13a3bbbf7d842b50ef3c03c37b372b7"", ""production"": ""ac72850b6570f8e9b0d7e92d98b04d0e4941ce37e9c5e7ce2d67eeaa47a2bd65""}, ""checked_at"": ""2026-10-06T18:08:44.716508+00:00"", ""home_prod_identity_match"": true, ""sgf_identity_match"": true, ""official_game_identity_match"": true, ""identity_limit"": ""Official event result identifies players/date; no claim of full move-by-move comparison with an organizer SGF.""}","{""preserved_sgf_name"": ""japanese"", ""event_rules_name"": ""korean"", ""same_effective_preset"": true, ""engine_commit"": ""fd0723fdbc"", ""reference_url"": ""https://github.com/lightvector/KataGo/blob/fd0723fdbc/cpp/game/rules.cpp"", ""reason"": ""The actual pinned engine handles japanese and korean in the same preset branch. Preserve the explicit SGF preset; record Korean event semantics separately. This is not an analysis-parameter error and does not imply changed numerical results.""}","{""revision"": ""23710048f2ef97b4a0d0088750f9980b53cef216"", ""result"": ""accepted"", ""checked_at"": ""2026-10-06T18:08:44.716508+00:00""}",2026-10-06T18:08:44.716508+00:00
24158,c149e79d414dbbda64d4cc1943e83765c3b76fe33ea6122b8586777eb6c56337,japanese,6.5,korean,True,reviewed_evidence_bound_to_exact_sgf,official_game_and_explicit_season_regulation,False,False,japanese,6.5,japanese,6.5,2025-2026年度韩国围甲联赛第12轮；2026-01-25，黑崔珉瑞，白沈载益。绑定原始SGF SHA256 c149e79d414dbbda64d4cc1943e83765c3b76fe33ea6122b8586777eb6c56337；home/prod原始SGF与赛事、日期、棋手一致。证明范围/局限见reference_evidence、proof_class、source_binding。,{},"[""https://www.baduk.or.kr/news/summary_view.asp?news_div=KBL&news_no=850"", ""https://m.baduk.or.kr/news/B01_view.asp?news_no=5769"", ""https://www.baduk.or.kr/FileUpDown/homepage/notice/%EB%B0%94%EB%91%91%20%EA%B2%BD%EA%B8%B0%20%EA%B7%9C%EC%A0%95(250701).pdf""]","[{""url"": ""https://www.baduk.or.kr/news/summary_view.asp?news_div=KBL&news_no=850"", ""proof_scope"": ""2026-01-25第12轮第4场申真谞–金明训、李宰成–朴常镇、崔珉瑞–沈载益、崔光户–朴河旼。"", ""limit"": ""对应24156–24159；末局跨午夜，按该场日期记录。规则/贴目来自赛季规程。""}, {""url"": ""https://m.baduk.or.kr/news/B01_view.asp?news_no=5769"", ""proof_scope"": ""韩国棋院2025–2026 KB联赛官方规则说明明确引用2025年7月1日修订规程。"", ""limit"": ""发布于2026-04-01，对应同一赛季；1月对局身份另用第12轮赛果核对。""}, {""url"": ""https://www.baduk.or.kr/FileUpDown/homepage/notice/%EB%B0%94%EB%91%91%20%EA%B2%BD%EA%B8%B0%20%EA%B7%9C%EC%A0%95(250701).pdf"", ""proof_scope"": ""2025-07-01生效韩国棋院竞赛规程：第9条第3款黑贴6目半；附则第2条适用韩国围棋规则。"", ""limit"": ""专门赛事规则优先；2026-07-01延迟生效只涉及第17条第8项。必须另核赛事适用性。""}]","{""method"": ""Exact UTF-8 SGF bytes and event/date/PB/PW compared between user-supplied home and production inventories; raw SGF identity fields also compared"", ""inventory_files"": {""home"": ""/tmp/report-rerun-home-inventory.json"", ""production"": ""/tmp/report-rerun-prod-inventory.json""}, ""inventory_sha256"": {""home"": ""268ebc8c9851dd74916bae4d64d30ff4c13a3bbbf7d842b50ef3c03c37b372b7"", ""production"": ""ac72850b6570f8e9b0d7e92d98b04d0e4941ce37e9c5e7ce2d67eeaa47a2bd65""}, ""checked_at"": ""2026-10-06T18:08:44.716508+00:00"", ""home_prod_identity_match"": true, ""sgf_identity_match"": true, ""official_game_identity_match"": true, ""identity_limit"": ""Official event result identifies players/date; no claim of full move-by-move comparison with an organizer SGF.""}","{""preserved_sgf_name"": ""japanese"", ""event_rules_name"": ""korean"", ""same_effective_preset"": true, ""engine_commit"": ""fd0723fdbc"", ""reference_url"": ""https://github.com/lightvector/KataGo/blob/fd0723fdbc/cpp/game/rules.cpp"", ""reason"": ""The actual pinned engine handles japanese and korean in the same preset branch. Preserve the explicit SGF preset; record Korean event semantics separately. This is not an analysis-parameter error and does not imply changed numerical results.""}","{""revision"": ""23710048f2ef97b4a0d0088750f9980b53cef216"", ""result"": ""accepted"", ""checked_at"": ""2026-10-06T18:08:44.716508+00:00""}",2026-10-06T18:08:44.716508+00:00
24159,18875cef6b793ad7b228173731c4662a32d89a0ff1309539078f58545822efd8,japanese,6.5,korean,True,reviewed_evidence_bound_to_exact_sgf,official_game_and_explicit_season_regulation,False,False,japanese,6.5,japanese,6.5,2025-2026年度韩国围甲联赛第12轮；2026-01-25，黑崔光户，白朴河旼。绑定原始SGF SHA256 18875cef6b793ad7b228173731c4662a32d89a0ff1309539078f58545822efd8；home/prod原始SGF与赛事、日期、棋手一致。证明范围/局限见reference_evidence、proof_class、source_binding。,{},"[""https://www.baduk.or.kr/news/summary_view.asp?news_div=KBL&news_no=850"", ""https://m.baduk.or.kr/news/B01_view.asp?news_no=5769"", ""https://www.baduk.or.kr/FileUpDown/homepage/notice/%EB%B0%94%EB%91%91%20%EA%B2%BD%EA%B8%B0%20%EA%B7%9C%EC%A0%95(250701).pdf""]","[{""url"": ""https://www.baduk.or.kr/news/summary_view.asp?news_div=KBL&news_no=850"", ""proof_scope"": ""2026-01-25第12轮第4场申真谞–金明训、李宰成–朴常镇、崔珉瑞–沈载益、崔光户–朴河旼。"", ""limit"": ""对应24156–24159；末局跨午夜，按该场日期记录。规则/贴目来自赛季规程。""}, {""url"": ""https://m.baduk.or.kr/news/B01_view.asp?news_no=5769"", ""proof_scope"": ""韩国棋院2025–2026 KB联赛官方规则说明明确引用2025年7月1日修订规程。"", ""limit"": ""发布于2026-04-01，对应同一赛季；1月对局身份另用第12轮赛果核对。""}, {""url"": ""https://www.baduk.or.kr/FileUpDown/homepage/notice/%EB%B0%94%EB%91%91%20%EA%B2%BD%EA%B8%B0%20%EA%B7%9C%EC%A0%95(250701).pdf"", ""proof_scope"": ""2025-07-01生效韩国棋院竞赛规程：第9条第3款黑贴6目半；附则第2条适用韩国围棋规则。"", ""limit"": ""专门赛事规则优先；2026-07-01延迟生效只涉及第17条第8项。必须另核赛事适用性。""}]","{""method"": ""Exact UTF-8 SGF bytes and event/date/PB/PW compared between user-supplied home and production inventories; raw SGF identity fields also compared"", ""inventory_files"": {""home"": ""/tmp/report-rerun-home-inventory.json"", ""production"": ""/tmp/report-rerun-prod-inventory.json""}, ""inventory_sha256"": {""home"": ""268ebc8c9851dd74916bae4d64d30ff4c13a3bbbf7d842b50ef3c03c37b372b7"", ""production"": ""ac72850b6570f8e9b0d7e92d98b04d0e4941ce37e9c5e7ce2d67eeaa47a2bd65""}, ""checked_at"": ""2026-10-06T18:08:44.716508+00:00"", ""home_prod_identity_match"": true, ""sgf_identity_match"": true, ""official_game_identity_match"": true, ""identity_limit"": ""Official event result identifies players/date; no claim of full move-by-move comparison with an organizer SGF.""}","{""preserved_sgf_name"": ""japanese"", ""event_rules_name"": ""korean"", ""same_effective_preset"": true, ""engine_commit"": ""fd0723fdbc"", ""reference_url"": ""https://github.com/lightvector/KataGo/blob/fd0723fdbc/cpp/game/rules.cpp"", ""reason"": ""The actual pinned engine handles japanese and korean in the same preset branch. Preserve the explicit SGF preset; record Korean event semantics separately. This is not an analysis-parameter error and does not imply changed numerical results.""}","{""revision"": ""23710048f2ef97b4a0d0088750f9980b53cef216"", ""result"": ""accepted"", ""checked_at"": ""2026-10-06T18:08:44.716508+00:00""}",2026-10-06T18:08:44.716508+00:00
24160,2f678aef8efa6c37f3ce035568fa2009290aa31d7b9e28d080dd22e1bfc0c15e,korean,6.5,korean,False,needs_event_applicability_review,organizer_general_regulation_inference_needs_review,True,False,,6.5,,6.5,第27届韩国麦馨咖啡杯九段战32强赛；2026-01-27，黑申旻埈，白朴珉奎。绑定原始SGF SHA256 2f678aef8efa6c37f3ce035568fa2009290aa31d7b9e28d080dd22e1bfc0c15e；home/prod原始SGF与赛事、日期、棋手一致。证明范围/局限见reference_evidence、proof_class、source_binding。,{},"[""https://www.baduk.or.kr/news/report_view.asp?news_no=5676"", ""https://www.baduk.or.kr/FileUpDown/homepage/notice/%EB%B0%94%EB%91%91%20%EA%B2%BD%EA%B8%B0%20%EA%B7%9C%EC%A0%95(250701).pdf""]","[{""url"": ""https://www.baduk.or.kr/news/report_view.asp?news_no=5676"", ""proof_scope"": ""第27届麦馨杯官方赛果：1月27日申旻埈–朴珉奎180手白中盘胜，金庭贤–睦镇硕268手黑2.5目胜；韩国棋院主办主承办。"", ""limit"": ""报道未直接写规则/贴目。Korean/6.5为已确认主办机构+当时通则的适用推论；尚无该届独立赛事规程，保守标verified=false，交主代理复核适用性。""}, {""url"": ""https://www.baduk.or.kr/FileUpDown/homepage/notice/%EB%B0%94%EB%91%91%20%EA%B2%BD%EA%B8%B0%20%EA%B7%9C%EC%A0%95(250701).pdf"", ""proof_scope"": ""2025-07-01生效韩国棋院竞赛规程：第9条第3款黑贴6目半；附则第2条适用韩国围棋规则。"", ""limit"": ""专门赛事规则优先；2026-07-01延迟生效只涉及第17条第8项。必须另核赛事适用性。""}]","{""method"": ""Exact UTF-8 SGF bytes and event/date/PB/PW compared between user-supplied home and production inventories; raw SGF identity fields also compared"", ""inventory_files"": {""home"": ""/tmp/report-rerun-home-inventory.json"", ""production"": ""/tmp/report-rerun-prod-inventory.json""}, ""inventory_sha256"": {""home"": ""268ebc8c9851dd74916bae4d64d30ff4c13a3bbbf7d842b50ef3c03c37b372b7"", ""production"": ""ac72850b6570f8e9b0d7e92d98b04d0e4941ce37e9c5e7ce2d67eeaa47a2bd65""}, ""checked_at"": ""2026-10-06T18:08:44.716508+00:00"", ""home_prod_identity_match"": true, ""sgf_identity_match"": true, ""official_game_identity_match"": true, ""identity_limit"": ""Official event result identifies players/date; no claim of full move-by-move comparison with an organizer SGF.""}",null,"{""revision"": ""23710048f2ef97b4a0d0088750f9980b53cef216"", ""result"": ""unverified_evidence"", ""checked_at"": ""2026-10-06T18:08:44.716508+00:00""}",2026-10-06T18:08:44.716508+00:00
24161,efe293a880abc99f870f6fc08da70727bd06a860c136c3e315edb53baeb93bd8,korean,6.5,korean,False,needs_event_applicability_review,organizer_general_regulation_inference_needs_review,True,False,,6.5,,6.5,第27届韩国麦馨咖啡杯九段战32强赛；2026-01-27，黑金庭贤，白睦镇硕。绑定原始SGF SHA256 efe293a880abc99f870f6fc08da70727bd06a860c136c3e315edb53baeb93bd8；home/prod原始SGF与赛事、日期、棋手一致。证明范围/局限见reference_evidence、proof_class、source_binding。,{},"[""https://www.baduk.or.kr/news/report_view.asp?news_no=5676"", ""https://www.baduk.or.kr/FileUpDown/homepage/notice/%EB%B0%94%EB%91%91%20%EA%B2%BD%EA%B8%B0%20%EA%B7%9C%EC%A0%95(250701).pdf""]","[{""url"": ""https://www.baduk.or.kr/news/report_view.asp?news_no=5676"", ""proof_scope"": ""第27届麦馨杯官方赛果：1月27日申旻埈–朴珉奎180手白中盘胜，金庭贤–睦镇硕268手黑2.5目胜；韩国棋院主办主承办。"", ""limit"": ""报道未直接写规则/贴目。Korean/6.5为已确认主办机构+当时通则的适用推论；尚无该届独立赛事规程，保守标verified=false，交主代理复核适用性。 另有明确赛果不一致：原始SGF为RE[B+R]，官方报道为268手、黑胜2.5目。赛事、日期、黑白棋手匹配只证明对局身份，不证明赛果或全谱准确；保留原始SGF及SHA，不据此改写RE，不放行规则核定。""}, {""url"": ""https://www.baduk.or.kr/FileUpDown/homepage/notice/%EB%B0%94%EB%91%91%20%EA%B2%BD%EA%B8%B0%20%EA%B7%9C%EC%A0%95(250701).pdf"", ""proof_scope"": ""2025-07-01生效韩国棋院竞赛规程：第9条第3款黑贴6目半；附则第2条适用韩国围棋规则。"", ""limit"": ""专门赛事规则优先；2026-07-01延迟生效只涉及第17条第8项。必须另核赛事适用性。""}]","{""method"": ""Exact UTF-8 SGF bytes and event/date/PB/PW compared between user-supplied home and production inventories; raw SGF identity fields also compared"", ""inventory_files"": {""home"": ""/tmp/report-rerun-home-inventory.json"", ""production"": ""/tmp/report-rerun-prod-inventory.json""}, ""inventory_sha256"": {""home"": ""268ebc8c9851dd74916bae4d64d30ff4c13a3bbbf7d842b50ef3c03c37b372b7"", ""production"": ""ac72850b6570f8e9b0d7e92d98b04d0e4941ce37e9c5e7ce2d67eeaa47a2bd65""}, ""checked_at"": ""2026-10-06T18:08:44.716508+00:00"", ""home_prod_identity_match"": true, ""sgf_identity_match"": true, ""official_game_identity_match"": true, ""identity_limit"": ""Event/date/black/white identify the game only. Raw SGF RE[B+R] conflicts with the official report (268 moves, black wins by 2.5 points). No claim of result equality or full move-by-move equivalence; original SGF and SHA256 remain unchanged, and evidence remains unverified."", ""official_result_match"": false, ""result_discrepancy"": {""raw_sgf_result"": ""B+R"", ""official_result"": ""B+2.5"", ""official_move_count"": 268, ""reference_url"": ""https://www.baduk.or.kr/news/report_view.asp?news_no=5676"", ""action"": ""Preserve raw SGF and identity binding; keep verified=false pending event-rule applicability and result discrepancy review.""}}",null,"{""revision"": ""23710048f2ef97b4a0d0088750f9980b53cef216"", ""result"": ""unverified_evidence"", ""checked_at"": ""2026-10-06T18:08:44.716508+00:00""}",2026-10-06T18:08:44.716508+00:00
24162,a15d0938893a0f0aac94982121d3daf602a5943805abbb37345ae33325346af5,japanese,6.5,japanese,True,reviewed_evidence_bound_to_exact_sgf,official_game_and_governing_rule_cross_reference,True,True,,6.5,,6.5,第37期日本女流名人战循环圈；2026-01-29，黑藤泽里菜，白木部夏生。绑定原始SGF SHA256 a15d0938893a0f0aac94982121d3daf602a5943805abbb37345ae33325346af5；home/prod原始SGF与赛事、日期、棋手一致。证明范围/局限见reference_evidence、proof_class、source_binding。,{},"[""https://www.nihonkiin.or.jp/match/fmeijin/037.html"", ""https://www.nihonkiin.or.jp/match/kiyaku/zenbun.htm""]","[{""url"": ""https://www.nihonkiin.or.jp/match/fmeijin/037.html"", ""proof_scope"": ""第37期女流名人战藤泽里菜–木部夏生1月29日，贴6目半。"", ""limit"": ""仅第37期，规则与日本棋院正式规则交叉核定。""}, {""url"": ""https://www.nihonkiin.or.jp/match/kiyaku/zenbun.htm"", ""proof_scope"": ""日本棋院、关西棋院正式日本围棋规则。"", ""limit"": ""结合具体官方棋战身份适用；棋战页不逐字重述整部规则，不能凭国籍/贴目套用。""}]","{""method"": ""Exact UTF-8 SGF bytes and event/date/PB/PW compared between user-supplied home and production inventories; raw SGF identity fields also compared"", ""inventory_files"": {""home"": ""/tmp/report-rerun-home-inventory.json"", ""production"": ""/tmp/report-rerun-prod-inventory.json""}, ""inventory_sha256"": {""home"": ""268ebc8c9851dd74916bae4d64d30ff4c13a3bbbf7d842b50ef3c03c37b372b7"", ""production"": ""ac72850b6570f8e9b0d7e92d98b04d0e4941ce37e9c5e7ce2d67eeaa47a2bd65""}, ""checked_at"": ""2026-10-06T18:08:44.716508+00:00"", ""home_prod_identity_match"": true, ""sgf_identity_match"": true, ""official_game_identity_match"": true, ""identity_limit"": ""Official event result identifies players/date; no claim of full move-by-move comparison with an organizer SGF.""}",null,"{""revision"": ""23710048f2ef97b4a0d0088750f9980b53cef216"", ""result"": ""accepted"", ""checked_at"": ""2026-10-06T18:08:44.716508+00:00""}",2026-10-06T18:08:44.716508+00:00
24163,8c20a552fbedf41d87f7a645b914ab17f84b4f713b1f76f129a519d11c081133,japanese,6.5,japanese,True,reviewed_evidence_bound_to_exact_sgf,official_game_and_governing_rule_cross_reference,True,True,,6.5,,6.5,第81期日本本因坊战本战1回战；2026-01-29，黑吴柏毅，白大竹优。绑定原始SGF SHA256 8c20a552fbedf41d87f7a645b914ab17f84b4f713b1f76f129a519d11c081133；home/prod原始SGF与赛事、日期、棋手一致。证明范围/局限见reference_evidence、proof_class、source_binding。,{},"[""https://www.nihonkiin.or.jp/match/honinbo/081.html"", ""https://www.nihonkiin.or.jp/match/kiyaku/zenbun.htm""]","[{""url"": ""https://www.nihonkiin.or.jp/match/honinbo/081.html"", ""proof_scope"": ""第81期本因坊本赛吴柏毅–大竹优1月29日，贴6目半。"", ""limit"": ""仅第81期，规则与日本棋院正式规则交叉核定。""}, {""url"": ""https://www.nihonkiin.or.jp/match/kiyaku/zenbun.htm"", ""proof_scope"": ""日本棋院、关西棋院正式日本围棋规则。"", ""limit"": ""结合具体官方棋战身份适用；棋战页不逐字重述整部规则，不能凭国籍/贴目套用。""}]","{""method"": ""Exact UTF-8 SGF bytes and event/date/PB/PW compared between user-supplied home and production inventories; raw SGF identity fields also compared"", ""inventory_files"": {""home"": ""/tmp/report-rerun-home-inventory.json"", ""production"": ""/tmp/report-rerun-prod-inventory.json""}, ""inventory_sha256"": {""home"": ""268ebc8c9851dd74916bae4d64d30ff4c13a3bbbf7d842b50ef3c03c37b372b7"", ""production"": ""ac72850b6570f8e9b0d7e92d98b04d0e4941ce37e9c5e7ce2d67eeaa47a2bd65""}, ""checked_at"": ""2026-10-06T18:08:44.716508+00:00"", ""home_prod_identity_match"": true, ""sgf_identity_match"": true, ""official_game_identity_match"": true, ""identity_limit"": ""Official event result identifies players/date; no claim of full move-by-move comparison with an organizer SGF.""}",null,"{""revision"": ""23710048f2ef97b4a0d0088750f9980b53cef216"", ""result"": ""accepted"", ""checked_at"": ""2026-10-06T18:08:44.716508+00:00""}",2026-10-06T18:08:44.716508+00:00
